accession,contig_count,contig_l50,contig_n50,total_length,coverage,taxid,latin,common,genes
GCA_000001405.29,1648,18,57879411,3298430636,,9606,Homo_sapiens,human,30
GCA_000001515.5,72226,2195,384816,3231170666,,9598,Pan_troglodytes,chimpanzee,28
GCA_000001545.3,408559,55233,15652,3441240245,6,9601,Pongo_abelii,Sumatran_orangutan,24
GCA_000001635.9,306,15,59462871,2728222451,,10090,Mus_musculus,house_mouse,35
GCA_000001895.4,75697,7356,100461,2870184193,,10116,Rattus_norvegicus,Norway_rat,36
GCA_000002035.4,20680,219,1422317,1679203469,,7955,Danio_rerio,zebrafish,7
GCA_000002115.2,211493,34011,23350,2863645671,,9606,Homo_sapiens,human,23
GCA_000002125.2,71333,7164,108431,2844000504,,9606,Homo_sapiens,human,26
GCA_000002135.3,122,7,6194666,158329839,,#N/A,#N/A,#N/A,#N/A
GCA_000002165.1,837963,35735,21690,3251246261,,10090,Mus_musculus,house_mouse,37
GCA_000002175.2,2,1,10257935,12263273,,37012,Pan_troglodytes_verus,chimpanzee,0
GCA_000002255.2,301032,32114,25707,3097553967,,9544,Macaca_mulatta,rhesus_monkey,28
GCA_000002265.1,118432,18516,39779,2616422528,,#N/A,#N/A,#N/A,#N/A
GCA_000002275.2,445367,39593,11544,1996809494,,9258,Ornithorhynchus_anatinus,platypus,6
GCA_000002285.4,1162,31,27487084,2312802198,100,9615,Canis_lupus_familiaris,dog,17
GCA_000002295.1,72674,9450,108014,3598443077,,13616,Monodelphis_domestica,gray_short-tailed_opossum,27
GCA_000002305.1,55317,6246,112381,2474929062,,9796,Equus_caballus,horse,21
GCA_000002315.5,1403,19,17655422,1065365434,"82
82",9031,Gallus_gallus,chicken,3
GCA_000003025.6,1118,15,48231277,2501912388,65,9823,Sus_scrofa,pig,15
GCA_000003055.5,75618,7930,96955,2670139648,9,9913,Bos_taurus,cattle,21
GCA_000003115.1,604920,122526,4577,3160286939,2.8,9685,Felis_catus,domestic_cat,10
GCA_000003205.6,42267,2849,276285,2724980740,19,9913,Bos_taurus,cattle,22
GCA_000003625.1,84024,12076,64648,2737462810,,9986,Oryctolagus_cuniculus,rabbit,29
GCA_000004195.4,851,32,14634335,1451301209,111.5,8364,Xenopus_tropicalis,tropical_clawed_frog,50
GCA_000004665.1,201371,26764,29273,2914958544,6.6,9483,Callithrix_jacchus,white-tufted-ear_marmoset,21
GCA_000005525.1,2352347,545914,685,2860496367,3,9940,Ovis_aries,sheep,4
GCA_000090745.2,41987,6217,79867,1799143587,7.1,28377,Anolis_carolinensis,green_anole,43
GCA_000090855.1,23,2,9982772,32799110,,9598,Pan_troglodytes,chimpanzee,0
GCA_000146605.4,250220,11318,27076,1115474681,35,9103,Meleagris_gallopavo,turkey,2
GCA_000146795.3,197900,21558,35148,2962060179,5.6,61853,Nomascus_leucogenys,northern_white-cheeked_gibbon,17
GCA_000151805.2,124806,8015,38644,1232135591,5.5,59729,Taeniopygia_guttata,zebra_finch,7
GCA_000151905.3,170105,15780,52934,3063362794,80,9595,Gorilla_gorilla_gorilla,western_lowland_gorilla,24
GCA_000165445.3,50984,2987,210702,2487409138,221.6,30608,Microcebus_murinus,gray_mouse_lemur,24
GCA_000180615.2,30861,1722,52883,391484715,8.7,31033,Takifugu_rubripes,torafugu,4
GCA_000181335.6,1138,19,41915695,2480971174,,9685,Felis_catus,domestic_cat,13
GCA_000188235.2,77755,6912,29493,927696114,269,8128,Oreochromis_niloticus,Nile_tilapia,1
GCA_000212995.1,254832,8110,98390,3036779618,,9606,Homo_sapiens,human,25
GCA_000222185.1,1628360,208317,3658,2878471044,,9541,Macaca_fascicularis,crab-eating_macaque,20
GCA_000230795.1,448689,57139,12841,2969971616,50,9544,Macaca_mulatta,Rhesus_monkey,25
GCA_000230815.1,439237,57525,13209,3126563191,50,9541,Macaca_fascicularis,crab-eating_macaque,24
GCA_000233375.4,368060,9869,57618,2966890203,206,8030,Salmo_salar,Atlantic_salmon,13
GCA_000238955.5,2331,189,1407748,957485262,65,106582,Maylandia_zebra,zebra_mbuna,1
GCA_000241765.5,259085,29019,21334,2480260873,"19.2
19.2",8478,Chrysemys_picta_bellii,western_painted_turtle,8
GCA_000242695.1,45200,3307,68337,945878036,677.5,7918,Lepisosteus_oculatus,spotted_gar,3
GCA_000247795.2,253770,25227,28375,2673965444,52,9915,Bos_indicus,zebu_cattle,20
GCA_000247815.2,30843,771,410964,1118343587,60,59894,Ficedula_albicollis,Collared_flycatcher,5
GCA_000252825.1,509664,8110,98390,6073557784,,#N/A,#N/A,#N/A,#N/A
GCA_000258655.2,121356,11048,66676,3286643896,26,9597,Pan_paniscus,pygmy_chimpanzee,25
GCA_000264685.2,118811,5418,149817,2959373024,104,9555,Papio_anubis,olive_baboon,30
GCA_000298735.2,48482,5008,150472,2615516299,166,9940,Ovis_aries,sheep,15
GCA_000306695.2,40828,5635,143936,3037866619,38,9606,Homo_sapiens,human,23
GCA_000313675.1,134430,21697,9628,869818208,,8090,Oryzias_latipes,Japanese_medaka,1
GCA_000317375.1,187012,29205,21250,2287340943,94,79684,Microtus_ochrogaster,prairie_vole,43
GCA_000317765.2,173141,10961,73533,2809418462,175,9925,Capra_hircus,goat,22
GCA_000364345.1,87764,9296,86040,2946843737,68,9541,Macaca_fascicularis,crab-eating_macaque,28
GCA_000365445.1,169874,6190,97525,2992787018,,9606,Homo_sapiens,human,17
GCA_000372685.2,3030,198,1767240,1335239194,65,7994,Astyanax_mexicanus,Mexican_tetra,17
GCA_000409795.2,162724,7735,90449,2789656328,95,60711,Chlorocebus_sabaeus,green_monkey,30
GCA_000442335.2,391,26,648981,63124078,,9606,Homo_sapiens,human,0
GCA_000523025.1,62912,4682,27008,470199494,,244447,Cynoglossus_semilaevis,tongue_sole,0
GCA_000633615.2,40144,4423,41913,731622281,110,8081,Poecilia_reticulata,guppy,2
GCA_000721915.3,18750,1991,125635,904497253,243,8010,Esox_lucius,northern_pike,5
GCA_000738735.6,472,33,8553235,1030881721,150,932674,Corvus_cornix_cornix,hooded_crow,9
GCA_000772465.1,553412,48052,13295,3011966170,290,#N/A,#N/A,#N/A,#N/A
GCA_000772875.3,348494,8042,107172,3236224332,47.4,9544,Macaca_mulatta,Rhesus_monkey,28
GCA_000803125.3,53085,2637,236391,2169363382,65,9838,Camelus_dromedarius,Arabian_camel,11
GCA_000951615.2,53088,6621,75080,1713658011,,7962,Cyprinus_carpio,common_carp,7
GCA_000972845.2,16979,605,277487,657939657,140,215358,Larimichthys_crocea,large_yellow_croaker,4
GCA_000978405.1,368693,39764,19347,2828873048,83.54,9923,Capra_aegagrus,wild_goat,22
GCA_001039535.1,1181796,85029,8067,2590545282,12,112262,Ovis_canadensis_canadensis,bighorn_sheep,16
GCA_001270425.1,3,1,7945854,11753682,10,9544,Macaca_mulatta,Rhesus_monkey,0
GCA_001292825.2,31483,2149,373039,2872295476,165,9606,Homo_sapiens,human,24
GCA_001444195.3,297,17,15315838,688541509,77,32473,Xiphophorus_couchianus,Monterrey_platyfish,1
GCA_001465895.2,74941,12601,19950,1242518059,100,105023,Nothobranchius_furzeri,turquoise_killifish,1
GCA_001522545.3,24044,1868,148693,1020310769,95,9157,Parus_major,Great_Tit,3
GCA_001524155.4,2521,29,29140631,3088495238,73,9606,Homo_sapiens,human,22
GCA_001577835.2,9642,515,511217,927656957,73,93934,Coturnix_japonica,Japanese_quail,2
GCA_001624185.1,327878,47137,14243,2732673693,60,10090,Mus_musculus,house_mouse,35
GCA_001624215.1,306830,34118,19043,2629995394,60,10090,Mus_musculus,house_mouse,35
GCA_001624295.1,242285,29369,23042,2712707555,60,10090,Mus_musculus,house_mouse,35
GCA_001624445.1,391250,56170,11642,2653990650,60,10091,Mus_musculus_castaneus,southeastern_Asian_house_mouse,34
GCA_001624475.1,370463,50551,13074,2921727955,60,10090,Mus_musculus,house_mouse,35
GCA_001624505.1,368025,49604,13123,2606162158,60,10090,Mus_musculus,house_mouse,35
GCA_001624535.1,302598,42623,15797,2588619290,60,10090,Mus_musculus,house_mouse,34
GCA_001624675.1,539650,65281,9438,2982063250,60,10090,Mus_musculus,house_mouse,33
GCA_001624745.1,294115,41198,16509,2699267296,60,10090,Mus_musculus,house_mouse,35
GCA_001624775.1,832630,134095,5105,2559987392,60,39442,Mus_musculus_musculus,eastern_European_house_mouse,31
GCA_001624835.1,372890,55449,11777,2689657557,60,10092,Mus_musculus_domesticus,western_European_house_mouse,34
GCA_001624865.1,280393,37990,17887,2625587472,60,10096,Mus_spretus,western_wild_mouse,34
GCA_001632525.1,305391,41480,16195,2627344254,60,10090,Mus_musculus,house_mouse,35
GCA_001632555.1,376733,52350,12707,2806800287,60,10090,Mus_musculus,house_mouse,34
GCA_001632575.1,333188,46363,14540,2701131316,60,10090,Mus_musculus,house_mouse,35
GCA_001632615.1,364701,52310,12608,2730798503,60,10090,Mus_musculus,house_mouse,35
GCA_001640805.2,3671,101,1379868,673814222,60,8187,Lates_calcarifer,barramundi_perch,2
GCA_001649575.2,26467,2935,57646,680655669,72.75,37003,Kryptolebias_marmoratus,mangrove_rivulus,2
GCA_001660625.3,237,16,20961409,842942949,37,7998,Ictalurus_punctatus,channel_catfish,5
GCA_001663975.1,324061,36507,19713,2718433805,30,8355,Xenopus_laevis,African_clawed_frog,49
GCA_001700915.1,50329,5263,51426,1042720703,130,48849,Passer_domesticus,House_sparrow,3
GCA_001704415.2,30378,32,26244591,2922617086,50,9925,Capra_hircus,goat,21
GCA_001712695.1,191986,17741,47865,2944055311,154.7,9606,Homo_sapiens,human,25
GCA_001746935.2,69223,5943,43576,1022651334,100,1037456,Setophaga_coronata_coronata,myrtle_warbler,1
GCA_001858045.3,3010,96,2923640,1005681550,44,8128,Oreochromis_niloticus,Nile_tilapia,1
GCA_001883655.1,1430320,216591,2695,2356716622,5.8,9622,Lycaon_pictus,African_hunting_dog,12
GCA_001887755.1,60351,9833,33994,1112064469,137.6,8954,Falco_peregrinus,peregrine_falcon,2
GCA_001887795.1,77053,10897,27697,1018016946,60,8932,Columba_livia,rock_pigeon,1
GCA_001887905.1,797755,113650,5555,2358143818,5.7,9622,Lycaon_pictus,African_hunting_dog,12
GCA_001904815.2,38614,5224,30544,545775252,118,8255,Paralichthys_olivaceus,Japanese_flounder,1
GCA_002007445.3,122820,5332,127687,2440277323,93,9646,Ailuropoda_melanoleuca,giant_panda,12
GCA_002021735.2,8771,458,1159298,2375911593,300,8019,Oncorhynchus_kisutch,coho_salmon,11
GCA_002077035.3,3220,54,16821028,3088210890,75,9606,Homo_sapiens,human,22
GCA_002078875.2,16014,1259,234926,1043264150,100,8996,Numida_meleagris,helmeted_guineafowl,2
GCA_002163495.1,559855,32575,13827,2178999613,244,8022,Oncorhynchus_mykiss,rainbow_trout,12
GCA_002180035.3,2877,31,29396877,3094330096,80,9606,Homo_sapiens,human,24
GCA_002197005.1,406637,64532,7944,3438623608,74,46360,Cervus_elaphus_hippelaphus,red_deer,15
GCA_002201575.2,33881,3875,181061,2419443398,56,29088,Neomonachus_schauinslandi,Hawaiian_monk_seal,3
GCA_002234675.1,516,88,2530934,734057086,0.99,8090,Oryzias_latipes,Japanese_medaka,1
GCA_002234695.1,342,67,3516609,744414398,1.01,8090,Oryzias_latipes,Japanese_medaka,1
GCA_002234715.1,741,134,1450098,677633405,0.94,8090,Oryzias_latipes,Japanese_medaka,1
GCA_002263795.3,2343,32,25896116,2711209831,80,9913,Bos_taurus,cattle,21
GCA_002742125.1,7486,313,2572683,2869914396,126,9940,Ovis_aries,sheep,17
GCA_002743455.1,44791,3342,88037,1136415614,150,8840,Anas_platyrhynchos_platyrhynchos,common_mallard,2
GCA_002775205.2,258,25,9181372,704321165,83,8083,Xiphophorus_maculatus,southern_platyfish,1
GCA_002776525.5,88792,8269,100421,2993041957,38.61,591936,Piliocolobus_tephrosceles,Ugandan_red_Colobus,22
GCA_002798355.1,7722,451,639813,1021022236,243.8,9031,Gallus_gallus,chicken,3
GCA_002831465.1,234121,28254,19113,2362280314,100,74940,Oncorhynchus_tshawytscha,Chinook_salmon,17
GCA_002837175.5,133555,16949,42877,2496225537,248,9755,Physeter_catodon,sperm_whale,1
GCA_002844635.1,14818,104,6372407,2755438182,65,9823,Sus_scrofa,pig,14
GCA_002863925.1,10987,462,1502753,2506966135,88,9796,Equus_caballus,horse,24
GCA_002872995.1,69485,4051,133169,2425713975,202,74940,Oncorhynchus_tshawytscha,Chinook_salmon,7
GCA_002880755.3,5061,67,12268567,3050398082,124,9598,Pan_troglodytes,chimpanzee,27
GCA_002880775.3,5814,83,11074009,3065052215,101.2,9601,Pongo_abelii,Sumatran_orangutan,25
GCA_002910315.2,97014,8430,55619,2169553147,146,2691554,Salvelinus_sp._IW2-2015,bony_fishes,5
GCA_002915635.3,211437,35415,217996,28206905576,30,#N/A,#N/A,#N/A,#N/A
GCA_002922805.2,56275,6936,30057,778703520,82,30732,Oryzias_melastigma,Indian_medaka,1
GCA_002933975.1,337292,11998,64498,2740330345,100,9915,Bos_indicus,zebu_cattle,19
GCA_002968435.1,159904,26612,23623,2290107628,130,#N/A,#N/A,#N/A,#N/A
GCA_003047355.2,1048,84,3123421,908955932,121,161767,Amphiprion_percula,orange_clownfish,4
GCA_003121395.1,919,36,22441509,2655780776,69,89462,Bubalus_bubalis,water_buffalo,18
GCA_003186165.1,21326,2472,54836,524979463,219,52904,Scophthalmus_maximus,turbot,2
GCA_003254725.2,228,20,40716615,2349862946,60,286419,Canis_lupus_dingo,dingo,17
GCA_003255815.1,35108,2649,310061,2889630685,56,9565,Theropithecus_gelada,gelada,28
GCA_003309015.1,66867,6396,32411,830381975,60,8175,Sparus_aurata,gilthead_seabream,4
GCA_003331165.2,746,28,7084538,732906125,68,8084,Xiphophorus_hellerii,green_swordtail,1
GCA_003339765.3,3182,22,46608966,2971331530,,9544,Macaca_mulatta,Rhesus_monkey,29
GCA_003368295.1,8463,513,821153,1820635050,71,7957,Carassius_auratus,goldfish,10
GCA_003369685.2,1712,23,37061043,2580764822,"136
136",30522,Bos_indicus_x_Bos_taurus,hybrid_cattle,20
GCA_003369695.2,1712,23,37061043,2580764822,"136
136",30522,Bos_indicus_x_Bos_taurus,hybrid_cattle,19
GCA_003400415.2,166667,22243,14888,1340198908,1000,8742,Crotalus_viridis_viridis,prairie_rattlesnake,1
GCA_003634875.1,1754,35,26292878,5786498663,75,9606,Homo_sapiens,human,31
GCA_003668045.2,4014,251,2711962,2366634374,31,10029,Cricetulus_griseus,Chinese_hamster,35
GCA_003704035.3,155966,23323,30111,2512439762,115,230844,Peromyscus_maniculatus_bairdii,prairie_deer_mouse,35
GCA_003704135.2,318482,52263,13217,2645110392,290,369710,Peromyscus_polionotus_subgriseus,oldfield_mouse,31
GCA_003711565.2,1112,28,4357567,366303280,200,433684,Takifugu_flavidus,sansaifugu,6
GCA_003711585.2,4085,140,1327071,744270469,100,215358,Larimichthys_crocea,large_yellow_croaker,5
GCA_003829775.2,52253,3470,75757,1031540353,66.67,40217,Junco_hyemalis,dark-eyed_junco,3
GCA_003845795.1,1576,69,2833482,721257125,,215358,Larimichthys_crocea,large_yellow_croaker,3
GCA_003850225.1,73853,8050,36811,1126176092,50,8839,Anas_platyrhynchos,mallard,3
GCA_003957555.2,584,21,14522327,1059687259,"54
54",9244,Calypte_anna,Annas_hummingbird,8
GCA_003957565.4,551,32,8964551,1056271262,88.2,59729,Taeniopygia_guttata,zebra_finch,7
GCA_003999625.1,751,65,3558013,809679899,76.5,123683,Oryzias_javanicus,javanese_ricefish,1
GCA_004006655.3,6999,70,1694657,1036985268,54,7998,Ictalurus_punctatus,channel_catfish,4
GCA_004010195.1,255432,23073,40597,3556477427,280,36176,Chiloscyllium_plagiosum,whitespotted_bambooshark,0
GCA_004023545.1,22801,3547,42653,519239411,302,315492,Lateolabrax_maculatus,spotted_sea_bass,2
GCA_004026145.2,2191,83,1312995,404311738,327.2,433685,Takifugu_bimaculatus,bony_fishes,4
GCA_004027225.2,456,40,9454087,1148597545,76.1,2489341,Strigops_habroptila,Kakapo,1
GCA_004028665.1,5016,640,268459,586070130,175.91,315492,Lateolabrax_maculatus,spotted_sea_bass,3
GCA_004115215.4,834,36,15146802,1859281927,"58.8
58.8",9258,Ornithorhynchus_anatinus,platypus,7
GCA_004115265.3,289,22,31900497,2075768562,52.8,59479,Rhinolophus_ferrumequinum,greater_horseshoe_bat,17
GCA_004119915.2,2911,210,1098566,877615421,100,240159,Collichthys_lucidus,big_head_croaker,7
GCA_004126475.3,953,94,6892556,2108832841,"65.8
65.8",89673,Phyllostomus_discolor,pale_spear-nosed_bat,25
GCA_004329235.1,6246,622,714612,1511020169,100,64176,Podarcis_muralis,Common_wall_lizard,37
GCA_004347445.1,1409,99,2416720,789719768,108,8090,Oryzias_latipes,Japanese_medaka,1
GCA_004348095.1,1508,76,3258597,808961282,66,8090,Oryzias_latipes,Japanese_medaka,1
GCA_004348135.1,2191,160,1303079,749060063,76,8090,Oryzias_latipes,Japanese_medaka,1
GCA_004348285.1,204386,12081,31777,1564834359,5,36185,Thymallus_thymallus,grayling,8
GCA_004352675.2,3905,135,1388081,744100939,50,215358,Larimichthys_crocea,large_yellow_croaker,5
GCA_004354835.1,1097,61,4268950,877456336,137.7,8167,Perca_flavescens,yellow_perch,1
GCA_004361675.1,3696314,826472,819,3041623660,14,9925,Capra_hircus,goat,6
GCA_004634155.1,1395,71,3396779,940906975,260,8010,Esox_lucius,northern_pike,5
GCA_004664715.2,4148,198,3487364,2475180836,60,10041,Peromyscus_leucopus,white-footed_mouse,33
GCA_004786185.1,991,18,11786852,644129659,83,#N/A,#N/A,#N/A,#N/A
GCA_004786255.1,117078,12581,30445,1563367516,189,30357,Pyxicephalus_adspersus,frogs_and_toads,98
GCA_004886185.2,3630,217,3131423,2410429933,45,9615,Canis_lupus_familiaris,dog,18
GCA_005281545.1,22226,1795,159800,1087415941,133,310571,Epinephelus_lanceolatus,giant_grouper,2
GCA_005444595.1,1792,140,4722218,2343202000,"50
50",9615,Canis_lupus_familiaris,dog,16
GCA_005870125.1,33371,2867,100423,1060269806,151,299123,Lonchura_striata_domestica,Bengalese_finch,2
GCA_005887515.3,989,20,44716738,2831460571,239,30521,Bos_grunniens,domestic_yak,14
GCA_006149115.2,56446,1229,330763,1925212521,158,8023,Oncorhynchus_nerka,sockeye_salmon,9
GCA_006182925.3,2049,59,3108829,598525361,60,111784,Reinhardtius_hippoglossoides,Greenland_flounder,2
GCA_006229205.1,129036,8917,75409,2353578744,50,37032,Suricata_suricatta,meerkat,16
GCA_006386435.1,37521,3350,76174,1030477684,381,300413,Epinephelus_moara,kelp_grouper,2
GCA_006511355.2,9412,1051,594997,2479330878,20.6,415978,Sus_scrofa_scrofa,pig,16
GCA_006542625.1,2761,72,12782853,2843982884,79.7,61853,Nomascus_leucogenys,northern_white-cheeked_gibbon,21
GCA_007364275.2,926,129,2146538,932930362,"76
76",63155,Archocentrus_centrarchus,flier_cichlid,1
GCA_007399415.1,933,51,13026736,2298564209,"58
58",1825980,Gopherus_evgoodei,Goodes_thornscrub_tortoise,11
GCA_007474595.2,894,94,7503561,2407810255,"72
72",61383,Lynx_canadensis,Canada_lynx,14
GCA_007565055.1,6089,151,5723610,3038477066,100,61622,Rhinopithecus_roxellana,golden_snub-nosed_monkey,24
GCA_007644095.1,13644,737,1009524,2491053062,361,9823,Sus_scrofa,pig,16
GCA_007646695.3,440913,60358,15023,3376725167,50,9275,Thylacinus_cynocephalus,Tasmanian_wolf,14
GCA_007896545.1,32872,4242,46411,683986837,166,1747188,Kryptolebias_hermaphroditus,bony_fishes,2
GCA_007927625.1,1137,135,1632759,812159898,430,365059,Coilia_nasus,Japanese_grenadier_anchovy,3
GCA_008058575.1,4743,99,8187455,3037157472,100,9544,Macaca_mulatta,Rhesus_monkey,30
GCA_008122165.1,6345,74,9522971,3044872214,66.9,9595,Gorilla_gorilla_gorilla,western_lowland_gorilla,25
GCA_008315115.2,870,39,6663498,901238333,360,283035,Sander_lucioperca,pikeperch,2
GCA_008360975.2,2227,39,6736108,1102944376,255.9,1497555,Lichenostomus_cassidix,helmeted_honeyeater,19
GCA_008369825.1,1420,63,2833080,652930317,130,1572043,Triplophysa_tibetana,bony_fishes,7
GCA_008632895.1,146741,22479,30483,2507184835,73,35658,Mastomys_coucha,southern_multimammate_mouse,31
GCA_008641055.3,716,37,20914347,2407242830,30,9615,Canis_lupus_familiaris,dog,17
GCA_008658365.1,322,23,18221265,1178492568,"64.69
64.69",28689,Alca_torda,razorbill,2
GCA_008692025.1,272,39,20218762,2371524154,"67.26
67.26",42100,Phocoena_sinus,vaquita,0
GCA_008692095.1,104340,5510,26023,854806606,172,54343,Etheostoma_spectabile,orangethroat_darter,1
GCA_008692375.1,7216,766,416828,1306177993,110,7955,Danio_rerio,zebrafish,7
GCA_008728515.2,15215,545,1465768,2869802739,60,9555,Papio_anubis,olive_baboon,29
GCA_008729295.2,96638,278,897070,895705288,381,160734,Plectropomus_leopardus,leopard_coralgrouper,4
GCA_008746955.1,1974,33,11467013,1211992756,100,8839,Anas_platyrhynchos,mallard,3
GCA_008782695.1,49270,3442,215534,2573529099,41,9888,Muntiacus_muntjak,muntjak,24
GCA_008787405.2,53090,3207,225142,2579575442,34,9886,Muntiacus_reevesi,Reeves_muntjac,23
GCA_008795835.1,23775,2481,286703,2406807619,46,9689,Panthera_leo,lion,13
GCA_008822105.2,1053,63,4378277,1068988106,82.5,59729,Taeniopygia_guttata,zebra_finch,7
GCA_008822115.3,784,55,5533763,995952786,"82.5
82.5",59729,Taeniopygia_guttata,zebra_finch,7
GCA_008822125.1,784,55,5533763,995952786,"82.5
82.5",59729,Taeniopygia_guttata,zebra_finch,7
GCA_009078355.1,612,18,16187036,758973678,147,310915,Pangasianodon_hypophthalmus,striped_catfish,4
GCA_009194515.1,30424,3171,89133,1109217119,100,1240228,Cairina_moschata_domestica,Muscovy_Duck,3
GCA_009493645.1,596,13,72336424,2677172352,"60
60",331036,Bos_grunniens_x_Bos_taurus,dzo,22
GCA_009493655.1,596,13,72336424,2677172352,"60
60",331036,Bos_grunniens_x_Bos_taurus,dzo,20
GCA_009650955.1,394,30,11524098,1112734094,"62.08
62.08",1196302,Corvus_moneduloides,New_Caledonian_crow,10
GCA_009663435.2,1336,31,25227091,2897824427,40,9483,Callithrix_jacchus,white-tufted-ear_marmoset,22
GCA_009667805.1,8584,489,1946319,3549060464,80.3,445787,Leptobrachium_leishanense,Leishan_spiny_toad,135
GCA_009733165.1,13805,1397,302474,1768535092,60,35670,Naja_naja,Indian_cobra,0
GCA_009741485.1,18228,1313,210412,1078891882,51.2,2593467,Malurus_cyaneus_samueli,Superb_fairywren,11
GCA_009760805.1,221138,32946,18458,2703257108,77,62621,Lepus_timidus,Mountain_hare,25
GCA_009762305.2,230,23,32626160,2409685272,"80.51
80.51",9704,Zalophus_californianus,California_sea_lion,5
GCA_009762535.1,1600,64,3748462,846744125,"71.06
71.06",1203425,Notolabrus_celidotus,New_Zealand_spotty,4
GCA_009764475.2,870,39,17009522,2267840987,"61.91
61.91",685728,Pristis_pectinata,smalltooth_sawfish,0
GCA_009764565.4,706,89,7029801,2164762090,"63.68
63.68",27794,Dermochelys_coriacea,leatherback_sea_turtle,1
GCA_009764595.1,1757,82,3247339,1078128490,"52.11
52.11",135433,Geothlypis_trichas,common_yellowthroat,20
GCA_009769465.1,484,29,11927027,1252271553,"65.99
65.99",121530,Tauraco_erythrolophus,red-crested_turaco,3
GCA_009769525.1,331,37,12131577,1127422757,"70.94
70.94",240206,Pterocles_gutturalis,yellow-throated_sandgrouse,1
GCA_009769535.1,1883,83,4620601,1672190305,"62.12
62.12",35005,Thamnophis_elegans,Western_terrestrial_garter_snake,0
GCA_009769545.1,395,35,4950682,572885595,"55.96
55.96",8103,Cyclopterus_lumpus,lumpfish,2
GCA_009769605.1,316,29,12039478,1132597561,"66
66",153643,Bucorvus_abyssinicus,Abyssinian_ground-hornbill,2
GCA_009769625.2,622,39,8308965,1134186642,"60.23
60.23",8869,Cygnus_olor,mute_swan,3
GCA_009806435.2,21335,2279,337730,2841507030,40,9986,Oryctolagus_cuniculus,rabbit,30
GCA_009819535.1,408,57,6613248,1391404169,"63.42
63.42",80427,Lacerta_agilis,lizards_and_snakes,28
GCA_009819595.1,378,26,12372304,1149356202,"60.12
60.12",57421,Merops_nubicus,carmine_bee-eater,5
GCA_009819605.1,328,18,22002498,1229972541,"67.91
67.91",108405,Sterna_hirundo,Common_tern,3
GCA_009819655.1,602,40,7345957,1066786587,"66.29
66.29",48155,Sylvia_atricapilla,blackcap,13
GCA_009819705.1,347,23,7020318,596792615,"56.23
56.23",#N/A,#N/A,#N/A,#N/A
GCA_009819775.1,370,26,14700712,1246226932,"61.27
61.27",9218,Phoenicopterus_ruber_ruber,American_flamingo,1
GCA_009819795.1,268,19,17816505,1127004725,"64.03
64.03",219594,Aythya_fuligula,tufted_duck,4
GCA_009819825.1,304,28,13514148,1215245693,"50.93
50.93",54380,Cariama_cristata,Red-legged_seriema,2
GCA_009819885.2,589,70,4908935,1131616530,"60.58
60.58",#N/A,#N/A,#N/A,#N/A
GCA_009823395.1,242,10,22457894,474309635,104,435163,Thamnaconus_septentrionalis,bony_fishes,4
GCA_009829125.3,821,87,2301275,752605561,"69.53
69.53",409849,Periophthalmus_magnuspinnatus,bony_fishes,3
GCA_009829145.1,299,17,18496167,1089631598,"67.75
67.75",296741,Chiroxiphia_lanceolata,lance-tailed_manakin,13
GCA_009829155.1,293,19,36329944,2445217270,"62.86
62.86",36723,Mustela_erminea,ermine,13
GCA_009834535.1,4388,112,5365398,2087093976,50,419612,Camelus_ferus,Wild_Bactrian_camel,11
GCA_009859065.2,1321,69,4023669,1106297559,"101.2
82.5",59729,Taeniopygia_guttata,zebra_finch,7
GCA_009873245.3,973,103,6315640,2374868943,"51.16
51.16",9771,Balaenoptera_musculus,Blue_whale,2
GCA_010015445.1,1092,57,4197643,951345774,135,#N/A,#N/A,#N/A,#N/A
GCA_010411085.1,39708,2752,268660,2594114534,62.9,84702,Cervus_hanglu_yarkandensis,Yarkand_deer,20
GCA_010645085.2,9607,832,602209,1825187678,42,7906,Acipenser_ruthenus,sterlet,13
GCA_010882105.1,1253,21,10559872,684284792,70,8049,Gadus_morhua,Atlantic_cod,2
GCA_010909765.2,4672,445,1462921,2558784953,"128.24
128.24",386614,Amblyraja_radiata,thorny_skate,0
GCA_010993605.1,2364,102,2540784,1089050413,"62.36
62.36",7757,Petromyzon_marinus,sea_lamprey,0
GCA_011064425.1,7847,371,1635336,2382787281,130,10117,Rattus_rattus,black_rat,37
GCA_011064465.2,67,9,150154455,3125438446,123,9606,Homo_sapiens,human,22
GCA_011074415.1,27664,2155,136958,1132698962,60,45637,Stictonetta_naevosa,freckled_duck,2
GCA_011075105.1,25704,1955,151401,1151880818,60,555264,Heteronetta_atricapilla,birds,3
GCA_011076525.1,31007,2843,105147,1134546692,60,658922,Nettapus_auritus,birds,2
GCA_011077185.1,28026,2313,128592,1147585764,60,8884,Oxyura_jamaicensis,ruddy_duck,3
GCA_011078405.1,2211,55,14602993,2727469741,"63.44
63.44",9483,Callithrix_jacchus,white-tufted-ear_marmoset,23
GCA_011100535.2,2211,55,14602993,2727469741,"63.44
63.44",9483,Callithrix_jacchus,white-tufted-ear_marmoset,23
GCA_011100555.2,2398,60,13222669,2874864526,63.44,9483,Callithrix_jacchus,white-tufted-ear_marmoset,23
GCA_011100615.1,1496,43,21344639,2906138557,53.648,9541,Macaca_fascicularis,crab-eating_macaque,18
GCA_011100635.1,2007,218,4314688,3359347707,"60.73
60.73",9337,Trichosurus_vulpecula,common_brushtail,44
GCA_011100685.1,2782,57,14840767,2481983352,100,9615,Canis_lupus_familiaris,dog,17
GCA_011125445.2,3847,608,587965,1203505739,40,8078,Fundulus_heteroclitus,mummichog,2
GCA_011170295.1,4131,102,8699377,2767816402,175,9940,Ovis_aries,sheep,16
GCA_011397275.1,1186,200,1139749,787600493,145,160734,Plectropomus_leopardus,leopard_coralgrouper,2
GCA_011397635.1,231,23,13857438,1047012452,87.6,293821,Epinephelus_fuscoguttatus,brown-marbled_grouper,4
GCA_011421415.1,33479,2589,109509,1047807048,120,48891,Poecile_atricapillus,Black-capped_chickadee,3
GCA_011762505.1,3219,56,11143170,2496761438,60.95,61156,Arvicanthis_niloticus,Nile_rat,39
GCA_011762595.1,1036,72,9729386,2378522213,63.7,9739,Tursiops_truncatus,common_bottlenose_dolphin,0
GCA_011800105.1,188027,19634,31539,2250262423,117,10117,Rattus_rattus,black_rat,35
GCA_011800845.1,43102,1762,219893,1464300591,70,8524,Zootoca_vivipara,common_lizard,30
GCA_011952075.1,21421,2678,77506,723564461,40,214812,Siniperca_knerii,big-eye_mandarin_fish,1
GCA_011952085.1,1463,21,12191788,755045244,50,119488,Siniperca_chuatsi,mandarin_fish,1
GCA_011952095.1,23027,2459,83753,736162835,40,228252,Siniperca_scherzeri,leopard_mandarin_fish,1
GCA_011952105.1,22691,2491,76587,712451466,40,228250,Coreoperca_whiteheadi,bony_fishes,1
GCA_012044875.1,66008,7698,91998,2392800889,100,9615,Canis_lupus_familiaris,dog,17
GCA_012045015.1,66045,7718,91753,2393044790,100,9615,Canis_lupus_familiaris,dog,17
GCA_012275295.1,1148,19,16636420,1171617451,61.11,13146,Melopsittacus_undulatus,budgerigar,1
GCA_012295265.2,802,36,23108747,2398209015,123.6,286419,Canis_lupus_dingo,dingo,15
GCA_012393435.1,11693,863,175150,556789779,215,82366,Verasper_variegatus,spotted_halibut,2
GCA_012411365.1,806,36,7408031,868496679,57,219545,Ameiurus_melas,black_bullhead,3
GCA_012432095.1,969,24,10809623,886569841,93.85,369639,Onychostoma_macrolepis,bony_fishes,4
GCA_012460135.3,692,25,13273966,1087236743,200,84834,Molothrus_ater,birds,9
GCA_012559485.3,1006,31,26251577,2800899072,201,9541,Macaca_fascicularis,crab-eating_macaque,29
GCA_012931545.1,117794,8348,50313,1853104330,150,8018,Oncorhynchus_keta,chum_salmon,6
GCA_013036085.2,1973,180,1104733,674607737,"30
30",48698,Poecilia_formosa,Amazon_molly,1
GCA_013036135.2,1973,180,1104733,674607737,"30
30",48698,Poecilia_formosa,Amazon_molly,1
GCA_013052645.3,6129,53,15060308,3203531224,73.9,9597,Pan_paniscus,pygmy_chimpanzee,24
GCA_013100865.1,17980,2897,204575,2126199303,60,31138,Trachemys_scripta_elegans,red-eared_slider_turtle,9
GCA_013103735.1,39716,3912,45088,643078674,208.6,417921,Etheostoma_cragini,Arkansas_darter,1
GCA_013133815.1,283,18,18269829,1013370389,114.26,304459,Cromileptes_altivelis,humpback_grouper,4
GCA_013138085.1,10,2,1424555,8228174,40,9483,Callithrix_jacchus,white-tufted-ear_marmoset,0
GCA_013265735.3,1229,41,15579713,2341688614,111.6,8022,Oncorhynchus_mykiss,rainbow_trout,16
GCA_013276365.2,780,23,37759230,2344986233,112.2,9615,Canis_lupus_familiaris,dog,18
GCA_013332515.1,318,15,14452835,545339360,100,82366,Verasper_variegatus,spotted_halibut,2
GCA_013347765.1,178,11,20466349,556696898,30,52904,Scophthalmus_maximus,turbot,2
GCA_013347855.1,693,54,5114673,979045926,"51.23
51.23",7936,Anguilla_anguilla,European_eel,4
GCA_013350305.1,1460,96,2478287,993468885,96,8128,Oreochromis_niloticus,Nile_tilapia,1
GCA_013358685.1,374,17,10114706,549949511,"141
141",882753,Antennarius_maculatus,warty_frogfish,2
GCA_013358815.1,315,25,7062559,589358956,"52.97
52.97",8005,Electrophorus_electricus,electric_eel,0
GCA_013358895.1,1026,65,4182292,1005575223,85,47969,Oreochromis_aureus,blue_tilapia,1
GCA_013368275.1,9631,972,377941,1485568097,30,8364,Xenopus_tropicalis,tropical_clawed_frog,47
GCA_013368585.1,270,13,26850664,959258046,"104.34
104.34",118141,Megalops_cyprinoides,Indo-Pacific_tarpon,3
GCA_013368605.1,434,13,23231768,1256414880,"88.4
88.4",48427,Nyctibius_grandis,birds,3
GCA_013371645.1,5345,418,1879078,2780373160,40,568996,Oryctolagus_cuniculus_cuniculus,rabbit,36
GCA_013377495.2,698,12,28995010,1124233768,90,8868,Cygnus_atratus,black_swan,3
GCA_013398505.2,90038,11448,24643,1066555733,141,468512,Rhegmatorhina_hoffmannsi,white-breasted_antbird,12
GCA_013403625.1,857,62,2171468,440784772,63,158456,Betta_splendens,Siamese_fighting_fish,1
GCA_013407035.1,552,15,23262489,1035863955,64,30423,Coloeus_monedula,jackdaw,4
GCA_013435755.1,8624,67,3839513,961230971,89,61819,Amphilophus_citrinellus,Midas_cichlid,1
GCA_013436515.1,7260,187,1174323,806072371,53,8177,Acanthopagrus_latus,yellowfin_seabream,3
GCA_013496395.1,254257,29063,25031,2490075762,88.4,439328,Giraffa_tippelskirchi,even-toed_ungulates,14
GCA_014132575.2,3718,230,544634,599537287,17.8,1778380,Gasterosteus_nipponicus,bony_fishes,2
GCA_014182915.2,2827,61,13340585,2717349581,59,9904,Bos_gaurus,gaur,18
GCA_014183145.1,40922,1208,151930,684633790,172.9,76340,Sciaenops_ocellatus,red_drum,4
GCA_014281875.1,1212,39,4420150,627578634,114.67,240163,Nibea_albiflora,white_flower_croaker,3
GCA_014300015.1,129320,10259,26004,1052345740,200,105023,Nothobranchius_furzeri,turquoise_killifish,1
GCA_014332655.1,7497,869,483444,1739639290,100,7957,Carassius_auratus,goldfish,7
GCA_014441545.1,951,54,12024593,2396858295,56.5,9615,Canis_lupus_familiaris,dog,17
GCA_014523465.1,385,23,42163491,2652567896,80,469796,Ovis_orientalis,Asiatic_mouflon,18
GCA_014621495.2,204728,10026,19580,927744424,43,245074,Entosphenus_tridentatus,Pacific_lamprey,0
GCA_014633375.1,134292,12529,42119,2231492728,23.68,9978,Ochotona_princeps,American_pika,28
GCA_014673565.1,2110,44,5473395,848024649,100,214486,Sebastes_schlegelii,Schlegels_black_rockfish,3
GCA_014706415.1,47419,42,8570969,1786136138,90,1534827,Podarcis_muralis_nigriventris,Common_wall_lizard,31
GCA_014805685.1,883,20,13195069,742596447,97.83,175797,Silurus_meridionalis,bony_fishes,7
GCA_014839685.1,140,17,17460000,867632993,"58.8
58.8",195821,Anableps_anableps,largescale_foureyes,2
GCA_014839755.1,310,10,31914676,1045652180,"72.07
72.07",73324,Sylvia_borin,garden_warbler,14
GCA_014839835.1,367,20,19150283,1187939694,"62.43
62.43",118200,Dryobates_pubescens,Downy_woodpecker,3
GCA_014839995.1,1782,83,2195850,736214936,"62.8
62.8",129108,Xenentodon_cancila,freshwater_garfish,0
GCA_014858855.1,4621,749,1738317,4545482719,103,30331,Bufo_gargarizans,Asiatic_toad,131
GCA_014905685.2,119519,15690,19984,1218316901,53.63,451745,Nematolebias_whitei,Rio_pearlfish,2
GCA_014905855.1,1071,32,23601496,3085782898,1167,9606,Homo_sapiens,human,23
GCA_015220075.1,768,24,15323486,1195847496,"44.28
44.28",120794,Falco_rusticolus,gyrfalcon,2
GCA_015220235.1,1385,45,20994632,3214702648,"56.84
56.84",27675,Choloepus_didactylus,southern_two-toed_sloth,8
GCA_015220715.1,358,29,12898870,1222050449,"77.77
77.77",42514,Pygocentrus_nattereri,red-bellied_piranha,14
GCA_015220745.1,353,24,11445908,800904020,"45.05
45.05",72105,Sebastes_umbrosus,honeycomb_rockfish,3
GCA_015220805.1,560,25,16792259,1272358903,"165.44
165.44",488313,Pogoniulus_pusillus,Red-fronted_tinkerbird,7
GCA_015227675.2,757,27,29198295,2647915728,"92
92",10116,Rattus_norvegicus,Norway_rat,36
GCA_015227805.3,1719,100,2794774,1105955550,"51.15
51.15",43150,Hirundo_rustica,Barn_swallow,10
GCA_015227895.2,9565,281,826960,1378187165,34,51355,Colaptes_auratus,northern_flicker,5
GCA_015237465.2,6797,1134,454332,1896142417,"60
60",8469,Chelonia_mydas,Green_sea_turtle,1
GCA_015343265.1,5690,29,3269158,356041988,393,1820603,Pao_palembangensis,humpback_puffer,0
GCA_015443085.1,1531,20,46208332,2696218280,117,9925,Capra_hircus,goat,18
GCA_015476345.1,1661,57,5679408,1188533289,143,8839,Anas_platyrhynchos,mallard,6
GCA_015476435.1,7984,149,5215207,2953486705,100,9606,Homo_sapiens,human,24
GCA_015532645.2,49331,3893,66810,994865760,249,1471794,Fringilla_coelebs_coelebs,chaffinch,3
GCA_015598185.1,472589,19795,25012,2168405530,76,9261,Tachyglossus_aculeatus,Australian_echidna,3
GCA_015708825.1,5232,152,1412731,1063012140,96.13,7753,Lethenteron_reissneri,Far_Eastern_brook_lamprey,0
GCA_015711505.1,575173,12875,58367,2686383908,125,365149,Sylvilagus_bachmani,brush_rabbit,26
GCA_015741225.1,384170,8795,78808,2590838763,74,10149,Hydrochoerus_hydrochaeris,capybara,31
GCA_015776825.1,1660,187,4265198,2458240772,110,9823,Sus_scrofa,pig,16
GCA_015832195.1,5850,900,251690,797430388,"12
18",1094192,Motacilla_alba_alba,white_wagtail,13
GCA_015846415.1,167,21,9273388,607940176,200,1582913,Triplophysa_dalaica,bony_fishes,5
GCA_015852505.1,831,36,19859057,2213004214,"58.29
58.29",9261,Tachyglossus_aculeatus,Australian_echidna,3
GCA_015883425.2,25607,1829,150307,1068005652,98,245042,Lamprotornis_superbus,birds,5
GCA_016077325.2,1468,33,25073460,2431907375,211,9793,Equus_asinus,ass,23
GCA_016128335.2,1306,25,15904022,1247435561,70,8790,Dromaius_novaehollandiae,emu,3
GCA_016161935.1,628,24,33352699,2367607229,96.7,260615,Mauremys_reevesii,Reevess_turtle,13
GCA_016432855.1,7385,252,1804090,2345513378,89,8040,Salvelinus_namaycush,lake_trout,12
GCA_016432865.2,1104,16,51843704,3192661299,100,38775,Antechinus_flavipes,yellow-footed_antechinus,21
GCA_016433145.1,125012,13336,73170,3701033721,100,191870,Gracilinanus_agilis,Agile_Gracile_Mouse_Opossum,32
GCA_016509475.2,140,11,82622880,2435718761,40,37029,Prionailurus_bengalensis,leopard_cat,14
GCA_016509815.2,131,10,83875697,2422299418,40,9685,Felis_catus,domestic_cat,13
GCA_016625535.1,3234,118,2259908,1237756756,94,47969,Oreochromis_aureus,blue_tilapia,0
GCA_016695395.2,2165,56,13671004,2744463177,"73.27
73.27",9606,Homo_sapiens,human,24
GCA_016699485.1,677,18,18834961,1053332251,102.01,9031,Gallus_gallus,chicken,3
GCA_016700215.2,685,18,17744542,1050511239,102.01,9031,Gallus_gallus,chicken,3
GCA_016700455.2,2165,56,13671004,2744463177,"73.27
73.27",9606,Homo_sapiens,human,24
GCA_016735935.1,3837,344,701221,1003362100,164,88201,Mugilogobius_chulae,yellowstripe_goby,1
GCA_016772045.1,226,24,43178051,2628146905,55,9940,Ovis_aries,sheep,19
GCA_016801045.1,808,63,3478581,742562378,130,310915,Pangasianodon_hypophthalmus,striped_catfish,3
GCA_016801065.1,46004,5779,91782,1815771249,25615.7,190870,Sceloporus_tristichus,plateau_fence_lizard,19
GCA_016801415.1,46351,5840,90701,1792659486,32060.9,190870,Sceloporus_tristichus,plateau_fence_lizard,25
GCA_016801845.1,577,13,18418211,564623279,50,435218,Polydactylus_sextarius,blackspot_threadfin,4
GCA_016801885.1,1745,21,8430381,618729764,50,270537,Toxotes_chatareus,largescale_archerfish,4
GCA_016801935.1,61654,4965,33203,609990026,100,195632,Platichthys_stellatus,starry_flounder,4
GCA_016835505.1,13022,185,4528139,3673880163,64,55291,Polypterus_senegalus,gray_bichir,1
GCA_016859285.1,1931,36,5252707,691780295,79,8245,Xiphias_gladius,swordfish,3
GCA_016859345.1,636,17,11851605,614147335,62,13575,Istiophorus_platypterus,Indo-Pacific_sailfish,2
GCA_016881025.1,153544,14011,44127,2478965571,8356,43179,Ictidomys_tridecemlineatus,thirteen-lined_ground_squirrel,19
GCA_016894425.1,1,1,146259670,146259670,32.4,9606,Homo_sapiens,human,0
GCA_016904835.1,401,17,16681756,1077387582,"65.46
65.46",57068,Acanthisitta_chloris,rifleman,4
GCA_016906955.1,717,71,10602503,2435083091,56,41426,Phacochoerus_africanus,Common_warthog,15
GCA_016920845.1,6059,253,485752,471894361,75,481459,Gasterosteus_aculeatus_aculeatus,three-spined_stickleback,3
GCA_017165655.1,178,15,24330489,1064070808,126.8,310571,Epinephelus_lanceolatus,giant_grouper,2
GCA_017165825.1,29455,480,476524,862056194,141,42563,Hepsetus_odoe,African_pike_characin,6
GCA_017355495.1,20664,386,1753068,2533396071,45,8017,Oncorhynchus_gorbuscha,pink_salmon,8
GCA_017524585.1,168,13,74601179,2653843355,171.37,9940,Ovis_aries,sheep,18
GCA_017589495.2,2631,207,1188980,854464681,140,278164,Alosa_alosa,allis_shad,3
GCA_017591415.1,76892,10038,21103,831019635,22887.4,7924,Amia_calva,bowfin,1
GCA_017591445.1,50203,61,11323477,2441480433,54,2740528,Giraffa_camelopardalis_rothschildi,giraffe,22
GCA_017639245.1,643,14,22647286,1168583304,67,176066,Myiopsitta_monachus,monk_parakeet,1
GCA_017639355.1,74646,11634,26168,1130393257,60,12930,Amazona_aestiva,blue-fronted_amazon,2
GCA_017639485.1,375,23,15203797,1247767512,"60
60",670352,Pluvialis_apricaria,birds,4
GCA_017639515.1,3358,145,6544962,4286311191,"66.84
66.84",13397,Carcharodon_carcharias,great_white_shark,0
GCA_017639555.1,385,18,23757428,1239437416,"88.32
88.32",52777,Ciconia_maguari,birds,2
GCA_017639655.1,589,25,13754753,1215719661,"104.34
104.34
104.34",148594,Falco_naumanni,lesser_kestrel,3
GCA_017639675.1,5701,1075,156481,560414924,"60
60",946358,Aplochiton_taeniatus,bony_fishes,7
GCA_017639745.1,533,28,9299978,865592457,"60
60",1250792,Melanotaenia_boesemani,Boesemans_rainbowfish,2
GCA_017654505.1,7192,136,3441286,1542083420,300,7913,Polyodon_spathula,Mississippi_paddlefish,8
GCA_017654675.1,716,35,22451507,2742469346,28.5,8355,Xenopus_laevis,African_clawed_frog,50
GCA_017751045.1,52,7,530436,15866398,81.66,69293,Gasterosteus_aculeatus,three-spined_stickleback,0
GCA_017957985.1,394,15,51011532,2510037796,571,9825,Sus_scrofa_domesticus,domestic_pig,16
GCA_017976325.1,89,15,16959746,644208431,"60
60",109905,Chelmon_rostratus,copperband_butterflyfish,3
GCA_017976375.1,446,17,20797936,1180136575,"64.31
64.31",55661,Cuculus_canorus,common_cuckoo,5
GCA_017976425.1,194,16,15555772,621503431,"60
60",941984,Toxotes_jaculatrix,banded_archerfish,4
GCA_018104995.1,16714,1013,315520,1118556028,128,8855,Cairina_moschata,Muscovy_duck,4
GCA_018136845.1,4196,45,4571806,670838590,227,91721,Heterotis_niloticus,African_bonytongue,6
GCA_018139145.2,1174,19,17075888,1240248578,20,33616,Gymnogyps_californianus,California_condor,2
GCA_018282365.1,838,14,68474646,2651593212,82,297284,Bos_taurus_x_Bison_bison,beefalo,18
GCA_018282465.1,1374,15,70612029,2861703644,84,297284,Bos_taurus_x_Bison_bison,beefalo,21
GCA_018296145.1,9983,202,2884253,2294859190,130,74940,Oncorhynchus_tshawytscha,Chinook_salmon,13
GCA_018320785.1,330,21,16477222,1173472134,77,241271,Cheilinus_undulatus,humphead_wrasse,3
GCA_018320845.1,1799,26,13160103,1033223415,33.5,7936,Anguilla_anguilla,European_eel,4
GCA_018340385.1,19838,229,1558716,1680134903,184.8,7962,Cyprinus_carpio,common_carp,7
GCA_018345385.1,1456,24,33460300,2345550353,121,494514,Vulpes_lagopus,Arctic_fox,17
GCA_018350155.1,92,9,104474415,2426387554,"85
76",46844,Leopardus_geoffroyi,Geoffroy's_cat,0
GCA_018350175.1,92,9,104474415,2426387554,"85
76",46844,Felis_catus,domestic_cat,13
GCA_018350195.2,140,12,74391967,2408695688,78,9694,Panthera_tigris,tiger,14
GCA_018350215.1,109,11,77781637,2297568983,76,9689,Panthera_leo,lion,13
GCA_018398675.1,8071,108,5728271,2682612311,20,59861,Coregonus_clupeaformis,lake_whitefish,8
GCA_018400075.1,19448,270,1203134,1338639271,5,7955,Danio_rerio,zebrafish,7
GCA_018466805.1,330,18,8410403,444667964,121.41,109274,Hippocampus_abdominalis,big-belly_seahorse,0
GCA_018491645.1,885,51,5333633,959117570,100,143606,Gobiocypris_rarus,bony_fishes,3
GCA_018492685.1,1713,165,1565278,903581644,"33
33",34773,Alosa_sapidissima,American_shad,3
GCA_018555375.2,2074,50,5018377,975288912,42,7938,Anguilla_rostrata,American_eel,3
GCA_018697195.1,36642,2090,143071,1113356413,80,186443,Certhia_americana,birds,3
GCA_018749465.1,28649,152,1965784,1087759805,150,291819,Paracanthobrama_guichenoti,bony_fishes,3
GCA_018804185.1,972,13,85264699,2901665227,28,9940,Ovis_aries,sheep,17
GCA_018812025.1,1334,109,2576066,1109888616,25,75352,Megalobrama_amblycephala,Wuchang_bream,3
GCA_018831695.1,4785,131,1423374,730818536,150,1606681,Puntigrus_tetrazona,Sumatra_barb,3
GCA_018873775.2,89,9,149697505,3116169811,282,9606,Homo_sapiens,human,24
GCA_018994145.1,15899,1180,821125,3535795546,78,428466,Leptobrachium_ailaonicum,Yunnan_mustache_toad,102
GCA_018997905.1,580,15,13290021,623704440,100,#N/A,#N/A,#N/A,#N/A
GCA_019023105.1,1570,44,7273401,1079473785,30,547948,Diglossa_brunneiventris,black-throated_flowerpiercer,10
GCA_019097595.1,179,15,21700000,789799567,104,337641,Hemibagrus_wyckioides,bony_fishes,4
GCA_019145175.1,142,13,73326320,2648317365,100,9940,Ovis_aries,sheep,19
GCA_019155185.1,688,24,5533578,448565924,232,241442,Beaufortia_kweichowensis,bony_fishes,2
GCA_019175285.1,93150,7321,75501,1905484175,4859,8520,Sceloporus_undulatus,fence_lizard,23
GCA_019176425.1,1076,17,17756893,990029801,128.5,7932,Megalops_atlanticus,tarpon,5
GCA_019176455.1,2599,138,1188264,603535267,25,28829,Solea_senegalensis,Senegalese_sole,1
GCA_019202745.1,2309,215,1150608,920207828,36,34773,Alosa_sapidissima,American_shad,3
GCA_019279795.1,74228,6864,1603140,40054341269,50,7888,Protopterus_annectens,West_African_lungfish,0
GCA_019320065.1,6828,803,914577,2526613007,686,1574408,Cervus_canadensis,even-toed_ungulates,23
GCA_019393635.1,277,27,38230856,3303199800,"63
63",33562,Dromiciops_gliroides,monito_del_monte,25
GCA_019425775.1,1125,21,30963999,2237949466,40,904230,Rafetus_swinhoei,Swinhoes_soft-shelled_turtle,8
GCA_019447015.1,42213,956,783846,3210867089,110,247094,Hymenochirus_boettgeri,Congo_dwarf_clawed_frog,45
GCA_019453435.1,1373,167,1569660,890097861,79,1263952,Rhinogobius_similis,barecheek_goby,1
GCA_019455525.1,404,20,9715001,589793654,"20
20",205130,Mastacembelus_armatus,zig-zag_eel,3
GCA_019455535.1,404,20,9715001,589793654,"20
20",205130,Mastacembelus_armatus,zig-zag_eel,3
GCA_019472885.1,2109,50,9704100,1964827820,290,355685,Hydrophis_curtus,Shaw's_sea_snake,0
GCA_019473425.1,2399,27,18985681,1980712740,318,8686,Hydrophis_cyanocinctus,Asian_annulated_sea_snake,0
GCA_019512145.1,125761,2139,305357,2555516698,103,76066,Engystomops_pustulosus,Tungara_frog,185
GCA_019677235.1,872,38,5969793,877669248,100,27706,Micropterus_salmoides,largemouth_bass,1
GCA_019703515.2,577,26,35119607,2340864798,62,70543,Myxocyprinus_asiaticus,Chinese_sucker,9
GCA_019720715.2,1337,109,3878405,1522433551,100,7957,Carassius_auratus,goldfish,6
GCA_019721115.1,529,27,14827381,1378811567,33.9,7994,Astyanax_mexicanus,Mexican_tetra,17
GCA_019740435.1,218,17,12906370,680166006,109,33528,Gambusia_affinis,western_mosquitofish,1
GCA_019802525.1,310,17,15061137,642859623,146,161469,Phyllopteryx_taeniolatus,common_seadragon,1
GCA_019802545.1,974,18,12818866,668103038,141,161469,Phyllopteryx_taeniolatus,common_seadragon,1
GCA_019802595.1,286,13,18018000,636519225,82,300417,Syngnathoides_biaculeatus,alligator_pipefish,1
GCA_019843895.2,2763,244,1709526,1589822547,100,101364,Carassius_gibelio,silver_crucian_carp,7
GCA_019857665.1,480031,54726,10856,2789347782,240,57060,Eleutherodactylus_coqui,Puerto_Rican_coqui,191
GCA_019903745.2,44531,4144,168825,2577110347,154,86327,Rangifer_tarandus_caribou,reindeer,20
GCA_019923925.1,685,85,9586610,2622460639,"572
572",89462,Bubalus_bubalis,water_buffalo,19
GCA_019923935.1,685,85,9586610,2622460639,"572
572",89462,Bubalus_bubalis,water_buffalo,20
GCA_019924925.1,181,17,19319444,893215104,175,7959,Ctenopharyngodon_idella,grass_carp,3
GCA_019924945.1,110,9,91188488,2428304365,49,61376,Felis_chaus,jungle_cat,13
GCA_019925145.1,84,14,23572016,857045951,70,7965,Hypophthalmichthys_nobilis,bighead_carp,0
GCA_019925165.1,824,62,5160563,1083008411,19.7,304459,Cromileptes_altivelis,humpback_grouper,4
GCA_020080195.1,466,19,13476833,733109041,282,8177,Acanthopagrus_latus,yellowfin_seabream,3
GCA_020085105.1,158,14,20478450,718820513,140,119488,Siniperca_chuatsi,mandarin_fish,1
GCA_020091685.1,11914,102,2781023,969885659,100,211835,Lutjanus_erythropterus,crimson_snapper,4
GCA_020142125.1,263607,45868,12043,1901839624,21053.7,52577,Phrynosoma_platyrhinos,Desert_horned_lizard,10
GCA_020171115.1,183,6,220349319,2681215271,21,452646,Neogale_vison,American_mink,14
GCA_020184715.1,165,22,21088021,1401249944,190,7955,Danio_rerio,zebrafish,7
GCA_020226045.1,874,38,18600000,2494014298,76,9886,Muntiacus_reevesi,Reeves'_muntjac,0
GCA_020226055.1,11884,189,3936592,2548844227,116,71854,Muntiacus_crinifrons,black_muntjac,24
GCA_020226075.1,56897,5613,131414,2540444434,76,9883,Hydropotes_inermis,Chinese_water_deer,17
GCA_020276665.1,1232,33,25225000,2489495709,122,71854,Muntiacus_crinifrons,black_muntjac,24
GCA_020382885.1,125,14,17189422,570802272,"92.59
92.59",75038,Scatophagus_argus,bony_fishes,3
GCA_020466265.1,2058,133,2340513,1200845361,23,1536898,Siphamia_tubifer,tuber_cardinalfish,4
GCA_020496755.1,338,13,21727292,618823650,100,#N/A,#N/A,#N/A,#N/A
GCA_020497085.1,3997,39,20046962,2901817378,273,9606,Homo_sapiens,human,25
GCA_020497115.1,5816,37,24698710,3016802955,85,9606,Homo_sapiens,human,25
GCA_020497125.1,1636,50,15010728,2484367879,99.81,74926,Mauremys_mutica,yellowpond_turtle,11
GCA_020510985.1,21561,3801,134817,1865716438,"98.18
98.18",390368,Pholidichthys_leucotaenia,bony_fishes,2
GCA_020567905.1,421,29,26066865,2440945073,42.67,9825,Sus_scrofa_domesticus,domestic_pig,16
GCA_020615455.1,8493,274,2177185,2753287365,20,59861,Coregonus_clupeaformis,lake_whitefish,8
GCA_020698575.1,348,14,28280916,885739387,447.8,86224,Bostrychus_sinensis,four-eyed_sleeper,3
GCA_020740605.1,395,20,32529614,2245601549,"20.81
20.81",9447,Lemur_catta,Ring-tailed_lemur,27
GCA_020740685.1,716,39,22104564,2863865261,"61
40",51337,Jaculus_jaculus,lesser_Egyptian_jerboa,26
GCA_020740725.1,482,15,23064755,1151611379,"29.61
29.61",134902,Corvus_hawaiiensis,hawaiian_crow,9
GCA_020740795.1,366,13,25561769,1100378261,"103.36
103.36",8895,Apus_apus,common_swift,12
GCA_020745685.1,1507,208,992536,695716069,"103.79
103.79",34787,Tautogolabrus_adspersus,cunner,4
GCA_020745705.1,364,18,20531774,1164813063,"80.12
80.12",243314,Hemiprocne_comata,birds,3
GCA_020745735.1,7549,107,7868162,4149461884,"148.57
148.57",170820,Hemiscyllium_ocellatum,epaulette_shark,0
GCA_020745775.1,192,10,37098842,1203372763,"123.5
123.5",1118847,Theristicus_caerulescens,plumbeous_ibis,2
GCA_020745825.3,516,13,22833505,1188547179,38,39638,Agelaius_phoeniceus,red-winged_blackbird,12
GCA_020746105.1,1552,195,1472883,997329498,"78
78",297711,Trogon_surrucura,Suruca_trogon,10
GCA_020800305.1,501,31,13461271,1270294353,"36.82
36.82",439704,Porphyrio_hochstetteri,South_Island_takahe,2
GCA_020826845.1,1290,31,28468213,3005519209,"30.57
30.57",77932,Diceros_bicornis_minor,black_rhinoceros,27
GCA_020854095.1,507,72,13753271,3139221772,30,9279,Dasyurus_viverrinus,eastern_quoll,21
GCA_020881995.2,2,1,154349815,216809844,60,9606,Homo_sapiens,human,0
GCA_020976825.1,6036,26,28570879,2609301826,90,9872,Odocoileus_hemionus,mule_deer,21
GCA_021018805.1,876,38,7984634,1123328946,50,208062,Prinia_subflava,tawny-flanked_prinia,13
GCA_021018895.1,181,14,17994190,647095223,165,2871759,Seriola_aureovittata,bony_fishes,2
GCA_021028975.2,4230,44,9459502,1810846735,160,933632,Sphaerodactylus_townsendi,lizards_&_snakes,0
GCA_021130815.1,2234,153,4405323,2406136656,41,74535,Panthera_tigris_tigris,Bengal_tiger,14
GCA_021131075.1,9516,222,2141595,2534330400,64,74535,Panthera_tigris_tigris,Bengal_tiger,14
GCA_021184085.1,24240,385,1451475,2690283663,44,8017,Oncorhynchus_gorbuscha,pink_salmon,8
GCA_021234555.1,365,17,50551513,2641777256,67,9913,Bos_taurus,cattle,22
GCA_021288785.3,182391,8920,76189,2366166981,125,9716,Mirounga_angustirostris,Northern_elephant_seal,3
GCA_021292165.1,2405,196,3338364,2189995079,339.9,52224,Shinisaurus_crocodilurus,lizards_&_snakes,0
GCA_021292245.1,49601,4983,46775,829587215,50,147949,Micropterus_dolomieu,smallmouth_bass,1
GCA_021346845.1,1086,23,5710868,428916835,97,240154,Apeltes_quadracus,fourspine_stickleback,5
GCA_021347895.1,951,54,5524274,956771783,131,80966,Acanthochromis_polyacanthus,spiny_chromis,4
GCA_021347905.1,3129,90,8737306,2665549695,75,9913,Bos_taurus,cattle,22
GCA_021399835.1,3008,150,4207077,2829823532,104,8030,Salmo_salar,Atlantic_salmon,12
GCA_021442165.1,842,47,16022912,2495808350,75,310713,Ceratotherium_simum_cottoni,northern_white_rhinoceros,27
GCA_021462225.2,480,25,13818222,1150004004,33,208333,Girardinichthys_multiradiatus,bony_fishes,1
GCA_021464625.1,467,30,7924916,864621867,"36
36",322563,Proterorhinus_semilunaris,tubenose_goby,1
GCA_021464655.1,2089,116,3305918,1550158453,"89
89",27704,Gobio_gobio,gudgeon,4
GCA_021498455.1,3154,54,15612012,2963339203,57.62,33548,Colobus_guereza,mantled_guereza,26
GCA_021498465.1,1567,44,17385161,2851401333,52.94,9589,Hylobates_pileatus,pileated_gibbon,22
GCA_021498475.1,3987,69,10987047,2968536278,52.7,30586,Saguinus_midas,Midas_tamarin,22
GCA_021554675.1,476,49,6028738,1104046756,"28
28",69811,Leuciscus_idus,ide,3
GCA_021556685.1,4344,18,50481003,2907517304,36,10116,Rattus_norvegicus,Norway_rat,35
GCA_021613375.1,1353,58,5013076,1282030338,69.9,327003,Megaleporinus_macrocephalus,bony_fishes,11
GCA_021613505.1,27132,1625,427941,2500930762,48,89248,Equus_quagga,plains_zebra,24
GCA_021869965.1,111998,15962,48454,2881325413,46.7,259920,Rhincodon_typus,whale_shark,0
GCA_021870715.1,2127,333,347532,471985164,137,137520,Hypomesus_transpacificus,delta_smelt,6
GCA_021917145.1,1850,267,412669,437273953,120,137520,Hypomesus_transpacificus,delta_smelt,6
GCA_021950905.1,464,15,62879740,3061735012,"160
160",9606,Homo_sapiens,human,24
GCA_021951015.1,464,15,62879740,3061735012,"160
160",9606,Homo_sapiens,human,22
GCA_022059245.1,1583,88,3708147,1367434603,136,2546036,Lampris_incognitus,smalleye_Pacific_opah,1
GCA_022244695.1,1178,15,61833573,2579075941,"142
161",9940,Ovis_aries,sheep,18
GCA_022244705.1,1178,15,61833573,2579075941,"142
161",9940,Ovis_aries,sheep,17
GCA_022316705.1,85729,13564,56707,2771866316,95.8,378071,Stegostoma_fasciatum,sharks_&_rays,0
GCA_022355385.1,53614,4716,148763,2498532951,85,77151,Mustela_nigripes,black-footed_ferret,13
GCA_022379125.1,28,10,25762658,538234718,265,52904,Scophthalmus_maximus,turbot,2
GCA_022416685.1,1654,14,74976097,2865419185,21.5,9940,Ovis_aries,sheep,19
GCA_022416695.1,2133,49,17870341,2808662536,15.4,9940,Ovis_aries,sheep,17
GCA_022416725.1,1520,17,64464110,2876191746,18.8,9940,Ovis_aries,sheep,18
GCA_022416745.1,1430,16,65130578,2859205457,19.2,9940,Ovis_aries,sheep,17
GCA_022416755.1,1539,14,75674662,2874205068,21.3,9940,Ovis_aries,sheep,19
GCA_022416775.1,1838,18,47602023,2817405832,17.9,9940,Ovis_aries,sheep,17
GCA_022416785.1,1354,16,71930095,2923901082,22,9940,Ovis_aries,sheep,17
GCA_022416915.1,1297,12,92422466,2906633192,25,9940,Ovis_aries,sheep,17
GCA_022432825.1,1773,16,59951985,2838248789,18.7,9940,Ovis_aries,sheep,18
GCA_022432835.1,1678,14,80315026,2815734371,21.7,9940,Ovis_aries,sheep,18
GCA_022432845.1,1851,15,73369510,2867731545,22.4,9940,Ovis_aries,sheep,19
GCA_022435785.1,274,21,15296922,844893128,94,27706,Micropterus_salmoides,largemouth_bass,1
GCA_022458985.1,469,14,20153794,634849760,406,48193,Mugil_cephalus,flathead_mullet,0
GCA_022538005.1,1553,16,68301688,2861633928,19.3,9940,Ovis_aries,sheep,18
GCA_022539315.2,1739,27,12206373,1050352878,,9135,Serinus_canaria,Common_canary,7
GCA_022539355.2,1184,38,4638087,602165188,91,195615,Hippoglossus_stenolepis,Pacific_halibut,2
GCA_022539595.1,1808,319,812338,863484803,104,80972,Amphiprion_ocellaris,clown_anemonefish,6
GCA_022655615.1,1317,53,3329536,712016913,50,1234273,Tachysurus_fulvidraco,yellow_catfish,5
GCA_022682395.1,1184,86,6762714,2113489943,"32
32",9430,Desmodus_rotundus,common_vampire_bat,8
GCA_022682495.1,1184,86,6762714,2113489943,"32
32",9430,Desmodus_rotundus,common_vampire_bat,8
GCA_022702415.1,3226,144,2769000,1469146666,31.83,2919650,Ilyophis_sp._JC_2022_1,bony_fishes,4
GCA_022702515.1,3383,127,3455548,1494882515,100,2920201,Ilyophis_sp._1_JC-2022,bony_fishes,4
GCA_022702525.1,3226,144,2769000,1469146666,100,2920202,Ilyophis_sp._2_JC-2022,bony_fishes,4
GCA_022758105.1,289843,5481,40537,827231152,44.3,30993,Pangasianodon_gigas,Mekong_giant_catfish,6
GCA_022817975.1,109302,10535,21629,825236645,80,13095,Hypophthalmichthys_molitrix,silver_carp,3
GCA_022828995.1,436,44,7031647,1054310786,"27
27",155067,Vimba_vimba,vimba_bream,3
GCA_022829025.1,201,24,15051122,1039907101,"42
42",8284,Squalius_cephalus,European_chub,3
GCA_022829085.1,279,35,10167936,1067396354,"26
26",38527,Abramis_brama,common_bream,3
GCA_022829145.1,1067,20,17514905,933663665,142.6,1534307,Albula_goreensis,bony_fishes,4
GCA_022833125.2,401931,1149,608771,3147488104,,9606,Homo_sapiens,human,25
GCA_022837055.1,255,12,68766634,2461562329,30,61388,Prionailurus_viverrinus,fishing_cat,14
GCA_022985145.1,422525,7500,28811,844539323,42.2,1691987,Pangasius_djambal,bony_fishes,6
GCA_022985175.1,8014,209,1265157,1126558565,390,84645,Labeo_rohita,rohu,4
GCA_023029165.1,452,27,11968494,1134099513,62,143606,Gobiocypris_rarus,bony_fishes,3
GCA_023065335.1,1,1,47903866,47903866,25,9823,Sus_scrofa,pig,0
GCA_023065355.1,1,1,46124248,46124248,25,9823,Sus_scrofa,pig,0
GCA_023065765.1,386,33,20244513,2374626208,61,56798,Hexaprotodon_liberiensis,pygmy_hippopotamus,17
GCA_023065835.1,1298,17,49478000,2424261695,69,9833,Hippopotamus_amphibius,hippopotamus,11
GCA_023065955.2,611,22,35674000,2423401459,32,9644,Ursus_arctos,brown_bear,18
GCA_023079485.1,1865,27,12033856,1100571516,190,190676,Archilochus_colubris,birds,11
GCA_023091745.2,1515,15,68053581,2851654952,24,37181,Budorcas_taxicolor,takin,19
GCA_023159225.1,7987,73,7389774,2212099196,23,214514,Perognathus_longimembris_pacificus,Pacific_pocket_mouse,26
GCA_023238725.1,1741,49,4248160,657949666,150,214431,Scortum_barcoo,barcoo_grunter,4
GCA_023343835.1,375,19,17905263,1026771810,"57.75
57.75",64668,Lagopus_muta,rock_ptarmigan,2
GCA_023373465.1,17498,280,2022835,2556477726,29,8018,Oncorhynchus_keta,chum_salmon,9
GCA_023373845.1,346,25,9638600,627628236,46.7,396775,Nibea_coibor,bony_fishes,4
GCA_023375685.2,214,18,16772172,825475682,37,66913,Ictalurus_furcatus,blue_catfish,5
GCA_023375835.1,292,19,26106996,1410308222,27,7994,Astyanax_mexicanus,Mexican_tetra,14
GCA_023375845.1,252,37,11530375,1361196561,33,7994,Astyanax_mexicanus,Mexican_tetra,17
GCA_023375975.1,123,11,47087582,1373169186,35,7994,Astyanax_mexicanus,Mexican_tetra,18
GCA_023376015.1,23337,1984,148638,1043825371,115,9172,Sturnus_vulgaris,Common_starling,6
GCA_023376895.1,8038,490,611818,1583238279,204.65,748366,Aspiorhynchus_laticeps,big-head_schizothoracin,5
GCA_023515785.1,3407,35,24520032,2866391611,31,10116,Rattus_norvegicus,Norway_rat,36
GCA_023515805.1,5009,33,27772074,2910747220,28,10116,Rattus_norvegicus,Norway_rat,36
GCA_023566125.1,1063,26,10133874,919352573,"44
44",210855,Zingel_zingel,zingel,1
GCA_023566175.1,427,31,20803974,1634546318,"22
22",40830,Barbus_barbus,barbel,6
GCA_023566225.1,438,37,12526464,1428567521,"36
36",260767,Romanogobio_albipinnatus,white-finned_gudgeon,3
GCA_023566465.1,309,21,10505243,645607472,"44
44",100952,Cottus_gobio,bullhead,2
GCA_023630585.1,248,20,19474971,881346651,99.23,175798,Cranoglanis_bouderius,bony_fishes,4
GCA_023631565.1,583,26,10943015,904342373,"36
36",57865,Gymnocephalus_cernua,ruffe,2
GCA_023634085.1,541,20,21245687,1309385023,"35.49
35.49",345164,Falco_cherrug,Saker_falcon,2
GCA_023634145.1,1938,212,2277286,1760576121,"66
66",36185,Thymallus_thymallus,grayling,9
GCA_023634155.1,357,24,15744644,1311598859,"28
28",8954,Falco_peregrinus,peregrine_falcon,2
GCA_023634345.2,962,33,7340773,756745106,35,113540,Scleropages_formosus,Asian_bonytongue,16
GCA_023634425.1,1599,83,2884124,781489572,150,113540,Scleropages_formosus,Asian_bonytongue,11
GCA_023638135.1,555,13,24892811,1285492283,"28
28",345155,Falco_biarmicus,lanner_falcon,2
GCA_023638525.1,1566,57,3125135,712073922,100,1234273,Tachysurus_fulvidraco,yellow_catfish,6
GCA_023653725.1,2079,68,5437538,1593755901,80,8616,Bungarus_multicinctus,many-banded_krait,2
GCA_023653735.1,947,20,50391373,2870081984,28,73337,Ceratotherium_simum_simum,southern_white_rhinoceros,27
GCA_023653815.1,2753,35,18214114,2134012717,109,8467,Caretta_caretta,Loggerhead_turtle,3
GCA_023658055.1,2668,131,928839,468775781,60,240832,Thaleichthys_pacificus,eulachon,4
GCA_023699985.2,717,32,21776300,2424209659,150,9874,Odocoileus_virginianus,white-tailed_deer,21
GCA_023701655.1,91,12,80500000,2647058259,35.77,2918886,Ovis_ammon_polii_x_Ovis_aries,even-toed_ungulates,15
GCA_023701675.1,382,14,77913213,2970496992,35.77,2918886,Ovis_ammon_polii_x_Ovis_aries,even-toed_ungulates,18
GCA_023701845.2,563,29,8585408,841864377,83,66913,Ictalurus_furcatus,blue_catfish,5
GCA_023718385.1,515,33,7645391,898254744,"76
76",283035,Sander_lucioperca,pikeperch,2
GCA_023718395.1,418,51,6550053,1153514525,"44
44",58323,Leucaspius_delineatus,sunbleak,3
GCA_023721935.1,26422,3996,179517,2433989369,31.94,29064,Panthera_uncia,snow_leopard,13
GCA_023724075.1,12937,135,3484223,1949148655,"45
45
45",101364,Carassius_gibelio,silver_crucian_carp,6
GCA_023724085.1,12937,135,3484223,1949148655,"45
45
45",101364,Carassius_gibelio,silver_crucian_carp,6
GCA_023724105.1,12937,135,3484223,1949148655,"45
45
45",101364,Carassius_gibelio,silver_crucian_carp,6
GCA_023851605.1,7866,1464,547310,2898984517,"66.47
66.47",48850,Tamandua_tetradactyla,southern_tamandua,6
GCA_023856345.1,307,13,22205002,649935734,236,2871759,Seriola_aureovittata,bony_fishes,2
GCA_023856365.1,1659,63,4190077,988088817,20,42636,Brienomyrus_brachyistius,bony_fishes,2
GCA_023856395.1,96357,10842,53079,2119204330,85,10044,Phodopus_sungorus,rodents,31
GCA_023898255.1,4349,46,19794679,2856254458,53.88,261741,Nycticebus_bengalensis,Bengal_slow_loris,20
GCA_023969325.1,1579,155,1405576,842020597,81.04,104658,Oryzias_curvinotus,bony_fishes,1
GCA_023972475.1,48935,306,109837,742907166,247.76,175797,Silurus_meridionalis,bony_fishes,7
GCA_023974075.1,3856,169,1500626,1065596499,75,36190,Chaenocephalus_aceratus,blackfin_icefish,1
GCA_024034525.1,29150,4530,153958,2407461690,38,9694,Panthera_tigris,tiger,14
GCA_024139225.1,1154,133,5042816,2471666657,"142.65
142.65",109475,Suncus_etruscus,white-toothed_pygmy_shrew,29
GCA_024166365.1,190,13,87987108,3401247148,"43
43",99487,Elephas_maximus_indicus,Asiatic_elephant,21
GCA_024206055.2,55,4,91364047,1100928095,80,9031,Gallus_gallus,chicken,3
GCA_024217435.4,507,11,15551623,428417373,80,161590,Syngnathus_scovelli,Gulf_pipefish,1
GCA_024222175.1,1179,27,31753839,2955254869,19.5,9940,Ovis_aries,sheep,16
GCA_024222265.1,843,15,73625792,2941689615,21.5,9940,Ovis_aries,sheep,18
GCA_024256425.2,48,12,33715535,969620777,100,13013,Clarias_gariepinus,North_African_catfish,3
GCA_024256435.1,212,17,19532794,954244515,"100
100",13013,Clarias_gariepinus,North_African_catfish,3
GCA_024256465.1,212,17,19532794,954244515,"100
100",13013,Clarias_gariepinus,North_African_catfish,3
GCA_024291935.2,3732,13,61700678,2387734228,73,86973,Okapia_johnstoni,okapi,16
GCA_024294585.1,825,11,44839567,1631568913,"31.51
31.51",246179,Vipera_latastei,snakes,1
GCA_024363595.1,255128,25746,21213,2747450723,50,8354,Xenopus_borealis,Kenyan_clawed_frog,50
GCA_024416835.2,541,40,4646325,760890035,100,284583,Perccottus_glenii,Chinese_sleeper,0
GCA_024453875.1,528,65,5525349,1135838337,"26
26",58319,Scardinius_erythrophthalmus,rudd,3
GCA_024489055.1,231,18,23286394,1085510300,117,933992,Chanodichthys_erythropterus,predatory_carp,3
GCA_024500275.1,1614,14,16851628,666496123,76,693459,Phycodurus_eques,leafy_seadragon,1
GCA_024500385.1,1454,22,9935855,652157009,136,161469,Phyllopteryx_taeniolatus,common_seadragon,1
GCA_024500485.1,379,17,52909674,2379658649,274.51,561074,Vulpes_ferrilata,Tibetan_sand_fox,17
GCA_024509145.1,484,45,7488902,1123269635,47.6,187451,Vidua_macroura,Pin-tailed_whydah,3
GCA_024542745.1,989,19,48622411,2822383045,86,257877,Macaca_thibetana_thibetana,Pere_David's_macaque,0
GCA_024542945.1,4243,293,2863522,2953589560,70,2876849,allo-octoploid_hybrid_of_Carassius_auratus_x_Cyprinus_carpio,bony_fishes,14
GCA_024586135.1,36,9,148018047,3105009486,66,9606,Homo_sapiens,human,23
GCA_024652985.1,14501,1301,218587,1023494120,87,9031,Gallus_gallus,chicken,3
GCA_024652995.1,16316,1137,246868,1036653693,95,9031,Gallus_gallus,chicken,3
GCA_024653025.1,12660,959,290226,1024875044,91,9031,Gallus_gallus,chicken,3
GCA_024653035.1,12606,1093,257189,1018159992,89,9031,Gallus_gallus,chicken,3
GCA_024653045.1,14808,1102,246386,1036335579,93,9031,Gallus_gallus,chicken,3
GCA_024666655.1,3567,221,1014029,910763285,277,50790,Dascyllus_trimaculatus,three_spot_damselfish,6
GCA_024678985.1,526,31,4077672,449964917,100,158456,Betta_splendens,Siamese_fighting_fish,1
GCA_024679245.1,577,74,4648668,1228852188,"22
22",51549,Pseudorasbora_parva,stone_moroko,3
GCA_024713975.2,45,11,24354382,588170514,83,8255,Paralichthys_olivaceus,Japanese_flounder,1
GCA_024718415.1,11876,82,8942329,2455664950,100,9823,Sus_scrofa,pig,16
GCA_024760905.1,111,13,36883020,1333861300,93,243562,Plotosus_lineatus,striped_eel_catfish,4
GCA_024868665.1,6320,450,377582,684835600,223,992332,Triplophysa_rosa,bony_fishes,3
GCA_025169545.1,811,17,21484275,1028695784,234,7937,Anguilla_japonica,Japanese_eel,4
GCA_025201925.1,2483,96,6917139,2460542086,"57.78
57.78",286002,Gopherus_flavomarginatus,Mexican_gopher_tortoise,10
GCA_025265405.1,170,18,48253041,2683375131,"43.5
43.5",48708,Mesoplodon_densirostris,Blainville's_beaked_whale,0
GCA_025370635.1,12498,831,333100,1031193845,90,9031,Gallus_gallus,chicken,2
GCA_025388735.1,1385,15,21589146,1278045749,300,8845,Anser_cygnoides,Swan_goose,3
GCA_025434085.3,292,10,22513697,544521268,80,109293,Hippocampus_zosterae,dwarf_seahorse,1
GCA_025558465.1,1738,57,10668178,2322329569,94.3,8022,Oncorhynchus_mykiss,rainbow_trout,12
GCA_025583725.1,1429,55,5739385,1129455536,85,8846,Anser_indicus,Bar-headed_goose,3
GCA_025594165.1,4483,68,9422552,2643750606,174,64680,Tamias_sibiricus,Siberian_chipmunk,20
GCA_025617405.1,2019,77,3162456,908140262,60,210850,Perca_schrenkii,Balkhash_perch,2
GCA_025860055.1,3619,113,5095822,2186823573,59.3,154827,Xyrauchen_texanus,razorback_sucker,10
GCA_026119655.1,1311571,178161,1228,998572967,75,175798,Cranoglanis_bouderius,bony_fishes,4
GCA_026122265.1,1711,52,3578647,748563532,139,1266862,Ammodytes_dubius,northern_sand_lance,5
GCA_026122505.1,1041,12,58656949,2373370604,21,167804,Aldabrachelys_gigantea,Aldabra_giant_tortoise,16
GCA_026213295.1,2984,508,358862,629936721,61.77,1042646,Gadus_chalcogrammus,walleye_pollock,0
GCA_026225835.1,1082,82,2555495,734219741,100,409849,Periophthalmus_magnuspinnatus,bony_fishes,3
GCA_026225855.1,51,13,84691504,2497825093,62,861190,Neophocaena_asiaeorientalis_sunameri,East_Asian_finless_porpoise,0
GCA_026259375.1,79,11,22761669,564012525,100,82366,Verasper_variegatus,spotted_halibut,2
GCA_026259575.1,1577,17,22747468,1153444501,110.33,8845,Anser_cygnoides,Swan_goose,3
GCA_026261665.1,170830,15532,11943,848689418,46,120843,Melanotaenia_duboulayi,Duboulay's_rainbowfish,0
GCA_026261805.1,664,22,7285248,458262957,138,109293,Hippocampus_zosterae,dwarf_seahorse,1
GCA_026262375.1,2017,121,4900675,2642350888,21.62,9915,Bos_indicus,zebu_cattle,18
GCA_026262465.1,1914,108,5705011,2670368317,21.62,9915,Bos_indicus,zebu_cattle,22
GCA_026262515.1,1826,125,4948204,2644505303,21.81,9915,Bos_indicus,zebu_cattle,21
GCA_026262545.1,1844,121,4975749,2676789357,21.81,9915,Bos_indicus,zebu_cattle,24
GCA_026413225.1,135,8,40962436,1198259872,112.72,73107,Otis_tarda,great_bustard,4
GCA_026413565.1,227,12,29098202,1144760485,162.11,1177618,Aythya_baeri,Baer's_pochard,0
GCA_026419915.1,664,26,16799191,1351447071,"54
54",202280,Harpia_harpyja,harpy_eagle,2
GCA_026419965.1,723,20,42780423,2555838840,23,27615,Kogia_breviceps,pygmy_sperm_whale,0
GCA_026419985.1,529,20,40421539,2613416393,23,27615,Kogia_breviceps,pygmy_sperm_whale,0
GCA_026652205.1,230,22,42595358,2631323452,116,9925,Capra_hircus,goat,17
GCA_026652325.1,1189,125,45590032,20300798037,40,8319,Pleurodeles_waltl,Iberian_ribbed_newt,68
GCA_026686955.1,458,43,5850290,998821601,156,308565,Epinephelus_cyanopodus,specked_blue_grouper,4
GCA_026929865.2,970,12,31308663,808503845,40,508657,Hyperoplus_lanceolatus,great_sand-eel,2
GCA_026936395.1,168,12,33249682,849758856,190,160734,Plectropomus_leopardus,leopard_coralgrouper,4
GCA_026937815.1,2095,101,2285889,788650210,141,655342,Etheostoma_perlongum,Waccamaw_darter,1
GCA_026956025.1,1008,113,7139826,2846042475,115,78449,Macaca_cyclopis,Taiwan_macaque,28
GCA_026979565.1,635,21,15819291,1080440577,55,81927,Vidua_chalybeata,birds,7
GCA_027123335.1,1702,207,1159304,846392538,240,80970,Amphiprion_clarkii,yellowtail_clownfish,6
GCA_027172205.1,57,10,61439401,1513131503,"31.05
31.05",65483,Podarcis_raffonei,Aeolian_wall_lizard,28
GCA_027244095.1,86,6,160691000,2294751221,"43
43",884348,Hemicordylus_capensis,graceful_crag_lizard,21
GCA_027358585.1,294,22,13007371,764974446,"23.9
23.9",310915,Pangasianodon_hypophthalmus,striped_catfish,5
GCA_027358695.2,1516,115,2001516,785569511,"35.45
35.45",233779,Spea_bombifrons,plains_spadefoot_toad,64
GCA_027406505.1,912,38,14417828,1528040881,94,7962,Cyprinus_carpio,common_carp,8
GCA_027406575.1,302,23,41197715,2917154053,"31.63
31.63",9470,Nycticebus_coucang,slow_loris,22
GCA_027408225.1,712,38,8326736,1109044877,"32.67
32.67",9031,Gallus_gallus,chicken,3
GCA_027409185.1,247,12,69195939,2814434834,"31.83
31.83",110931,Cynocephalus_volans,Philippine_flying_lemur,18
GCA_027409825.1,1932,46,4898551,828681152,"49.19
49.19",13676,Scomber_japonicus,chub_mackerel,3
GCA_027410445.1,4999,313,3043591,3872602052,"127.63
127.63",#N/A,#N/A,#N/A,#N/A
GCA_027422405.1,2552,305,528209,713574997,181.32,263525,Ptychobarbus_kaznakovi,bony_fishes,4
GCA_027422415.1,1111,106,2343183,972415673,240.52,343527,Schizothorax_lantsangensis,bony_fishes,4
GCA_027422435.1,2801,82,2575971,933587705,187.27,263523,Schizopygopsis_pylzovi,bony_fishes,4
GCA_027474115.1,959,127,1898558,913106877,259.48,361645,Schizopygopsis_malacanthus,bony_fishes,4
GCA_027474245.1,389,30,13936613,1358357718,"28.14
28.14",9240,Spheniscus_humboldti,Humboldt's_penguin,0
GCA_027475355.1,149,13,26648257,851665587,43,365059,Coilia_nasus,Japanese_grenadier_anchovy,3
GCA_027475565.2,217,9,96827784,2377417351,50,32536,Acinonyx_jubatus,cheetah,10
GCA_027477595.1,478,22,16787335,1148216196,"36.85
36.85",30427,Haemorhous_mexicanus,house_finch,19
GCA_027557775.1,812,49,5465831,1094281734,"32.31
32.31",9031,Gallus_gallus,chicken,3
GCA_027559615.1,890,44,7308823,1193419045,"25
25",279927,Acridotheres_tristis,common_myna,8
GCA_027563665.1,326,17,41887785,2126460045,"120
120",9440,Antrozous_pallidus,pallid_bat,18
GCA_027564155.1,1291,104,2001950,948071110,136,334712,Gymnocypris_eckloni_scoliostomus,Yellow_River_scaleless_carp,4
GCA_027574615.1,123,13,49033427,2008057866,95,29078,Eptesicus_fuscus,big_brown_bat,28
GCA_027574665.1,448,36,10485863,1331454348,"35.71
35.71",54386,Rhynochetos_jubatus,kagu,2
GCA_027579445.1,292,27,12036358,1185463352,"34.27
34.27",2857394,Ammospiza_nelsoni,birds,14
GCA_027579695.1,372,50,14859289,2341916362,"33.08
33.08",443677,Neoarius_graeffei,lesser_salmon_catfish,3
GCA_027579735.1,9446,737,3759931,10019663791,"92.75
92.75",8345,Bombina_bombina,fire-bellied_toad,92
GCA_027580155.1,328,14,21551097,716347655,136.4,119488,Siniperca_chuatsi,mandarin_fish,1
GCA_027580175.1,405,15,16036871,740538212,127.3,228252,Siniperca_scherzeri,leopard_mandarin_fish,1
GCA_027580195.1,2284,21,38284421,2630431830,287.36,72004,Bos_mutus,wild_yak,22
GCA_027580225.1,971,87,3833009,1104586043,20,75329,Misgurnus_anguillicaudatus,oriental_weatherfish,5
GCA_027580245.1,1449,20,44905690,2615030285,253.06,30521,Bos_grunniens,domestic_yak,22
GCA_027595985.1,1492,182,4024507,2405993548,"35.71
35.71",42254,Sorex_araneus,European_shrew,53
GCA_027596085.2,8212,60,2569385,653543715,73,229290,Anoplopoma_fimbria,sablefish,3
GCA_027704905.1,10763,362,636888,893743365,100,630683,Muraenolepis_orangiensis,Patagonian_moray_cod,2
GCA_027744805.2,171,11,26519775,670648883,55,161453,Dunckerocampus_dactyliophorus,ringed_pipefish,3
GCA_027744825.1,115,8,26259131,582898256,100,270530,Synchiropus_splendidus,mandarinfish,8
GCA_027789765.1,3003,65,8808153,2214937069,"69.99
69.99",150705,Dendropsophus_ebraccatus,hourglass_treefrog,246
GCA_027791375.2,1452,38,8710530,1147325966,254,1002788,Indicator_indicator,birds,3
GCA_027887145.1,645,39,8252193,1241209685,"34.18
34.18",69262,Ammodramus_caudacutus,birds,14
GCA_027887155.1,217,11,75591180,2211221380,30.26,2991368,Malaclemys_terrapin_pileata,diamondback_terrapin,8
GCA_027887165.1,2268,244,3910714,3586166573,"32.9
32.9",13616,Monodelphis_domestica,gray_short-tailed_opossum,24
GCA_027887205.1,186,8,97701506,2212837039,30.26,2991368,Malaclemys_terrapin_pileata,diamondback_terrapin,7
GCA_027917415.1,2363,253,4840928,4305890454,29.62,8429,Gastrophryne_carolinensis,eastern_narrow-mouthed_toad,37
GCA_027917425.1,2747,248,4962642,4336248441,29.62,8429,Gastrophryne_carolinensis,eastern_narrow-mouthed_toad,31
GCA_027942865.1,471,29,9831534,945823896,30,219752,Odontesthes_bonariensis,pejerrey,2
GCA_028017835.1,254,9,91255289,2309740635,30.12,82168,Emys_orbicularis,European_pond_turtle,8
GCA_028018385.1,215,16,51579577,2468361932,"32.2
32.2",61452,Neofelis_nebulosa,Clouded_leopard,13
GCA_028018845.1,276,36,10446106,1162015399,"31.58
31.58",44398,Melospiza_georgiana,birds,20
GCA_028020825.1,1241,27,11637970,1271141449,"27.7
27.7",8905,Podargus_strigoides,tawny_frogmouth,2
GCA_028021215.1,983,20,39209000,2982434994,"29.61
29.61",9764,Eschrichtius_robustus,grey_whale,1
GCA_028022725.1,475,39,4715471,646369862,68,1772091,Lycodopsis_pacificus,blackbelly_eelpout,5
GCA_028022735.1,491,24,18064636,1365299843,"27.32
27.32",33610,Gypaetus_barbatus,lammergeier,2
GCA_028023285.1,1108,20,36541936,2678442663,30,2746895,Balaenoptera_ricei,Rice's_whale,0
GCA_028031935.1,40802,1881,63146,421346737,194,1093616,Paedocypris_micromegethes,bony_fishes,3
GCA_028372415.1,830,60,15255043,3448908279,"30.4
30.4",9315,Notamacropus_eugenii,tammar_wallaby,36
GCA_028389875.1,307,19,19335416,1269000025,"32.9
32.9",8795,Rhea_pennata,lesser_rhea,2
GCA_028390025.1,5826,353,6819095,8872758793,26.91,495146,Pseudophryne_corroboree,corroboree_frog,189
GCA_028451465.1,393,35,19239546,2432147792,"115.21
115.21",34844,Erethizon_dorsatum,North_American_porcupine,27
GCA_028500815.1,956,22,18169445,1268441171,"33
33",75485,Rissa_tridactyla,black-legged_kittiwake,3
GCA_028501385.1,956,22,18169445,1268441171,"33
33",75485,Rissa_tridactyla,black-legged_kittiwake,4
GCA_028533065.1,432766,9424,60077,2179537627,106,148073,Trachops_cirrhosus,bats,18
GCA_028533075.1,415068,16128,49679,2878106698,73,9565,Theropithecus_gelada,gelada,29
GCA_028533085.1,1029863,15936,40155,2424021081,74,9455,Varecia_variegata,ruffed_lemur,20
GCA_028533165.1,401755,14587,55757,2874530362,78,30588,Leontopithecus_rosalia,golden_lion_tamarin,21
GCA_028533205.1,631689,16076,57452,3381150672,93,65632,Lagorchestes_hirsutus,rufous_hare-wallaby,29
GCA_028533215.1,743099,11838,52664,2571103617,72,1303000,Babyrousa_celebensis,North_Sulawesi_babirusa,14
GCA_028533245.1,762462,9389,73706,2486327345,105,9634,Helarctos_malayanus,Malayan_sun_bear,16
GCA_028533255.1,1749853,14413,46059,2848289233,86,9801,Tapirus_terrestris,Brazilian_tapir,18
GCA_028533295.1,286425,14170,50736,2454720760,77,61379,Felis_nigripes,black-footed_cat,13
GCA_028533335.1,157193,7429,91425,2338097569,86,68728,Chrysocyon_brachyurus,maned_wolf,14
GCA_028533375.1,670561,8342,87018,2604568178,99,9805,Diceros_bicornis,black_rhinoceros,26
GCA_028533385.1,466954,14196,51083,2498323642,104,9690,Panthera_onca,jaguar,14
GCA_028533395.1,1491090,8162,63903,2344104132,92,77223,Rousettus_madagascariensis,Madagascan_rousette,13
GCA_028533765.1,483369,2680,213999,2094173032,105,196297,Pteropus_rufus,Malagasy_flying_fox,14
GCA_028533875.1,614368,10683,60614,2494883117,77,210652,Mungos_mungo,banded_mongoose,17
GCA_028533885.1,1127599,10510,64559,2610174539,105,352831,Nasua_narica,White-nosed_coati,16
GCA_028534055.1,1106606,16804,38022,2476385662,103,34828,Eulemur_mongoz,mongoose_lemur,18
GCA_028534125.1,1096291,5862,93318,2351761190,119,9844,Lama_glama,llama,12
GCA_028534135.1,878264,10176,65113,2465739417,132,29067,Potos_flavus,kinkajou,17
GCA_028534165.1,1798555,20912,32746,2849765846,89,187985,Coendou_prehensilis,rodents,25
GCA_028551375.1,217262,5804,117282,2342007988,147,9638,Tremarctos_ornatus,spectacled_bear,17
GCA_028551405.1,611178,14440,49660,2615851634,122,36800,Uromys_caudimaculatus,giant_uromys,36
GCA_028551425.1,457310,15832,45920,2510020520,83,61388,Prionailurus_viverrinus,fishing_cat,14
GCA_028551445.1,696051,10958,76031,2969301606,110,36231,Miopithecus_talapoin,talapoin,29
GCA_028551515.1,1370502,15314,53327,3051940974,79,43777,Pithecia_pithecia,white-faced_saki,22
GCA_028564815.1,1142,25,37467374,2832194838,32,27606,Eubalaena_glacialis,North_Atlantic_right_whale,1
GCA_028564925.1,18246,499,2498674,5150352190,120,45438,Lithobates_sylvaticus,wood_frog,248
GCA_028571275.1,1332,22,34529248,2615329254,32,27606,Eubalaena_glacialis,North_Atlantic_right_whale,1
GCA_028571685.1,338,14,78495281,3488059404,"35.04
35.04",77598,Heterohyrax_brucei,yellow-spotted_hyrax,30
GCA_028583105.1,1491687,29936,30299,3638522883,64,9316,Macropus_fuliginosus,western_gray_kangaroo,31
GCA_028583405.1,3897,294,962244,1074502020,70,1090488,Pogonophryne_albipinna,bony_fishes,2
GCA_028583425.1,137,9,80105973,2237397408,30,481883,Eublepharis_macularius,Leopard_gecko,22
GCA_028583565.1,200,14,74870268,2664279918,131.44,230172,Ovis_ammon_polii,argali,16
GCA_028626985.1,685857,11796,74778,3341345253,71,29139,Vombatus_ursinus,common_wombat,25
GCA_028627135.1,1136014,34608,27966,3579892125,79,37702,Pseudochirops_cupreus,coppery_ringtail_possum,49
GCA_028627145.1,1209684,4524,109255,2294267257,137,58063,Eidolon_dupreanum,Malagasy_straw-colored_fruit_bat,14
GCA_028627215.1,1081779,22825,41690,3535619686,70,9317,Macropus_giganteus,eastern_gray_kangaroo,37
GCA_028627265.1,1456707,27123,28335,3104799808,83,36225,Cercopithecus_mitis,blue_monkey,25
GCA_028640845.1,1079,23,23873608,1772420080,140,499056,Ahaetulla_prasina,snakes,2
GCA_028641065.1,2600,108,5310386,2190861671,150,7782,Leucoraja_erinacea,little_skate,0
GCA_028641955.1,20389,38,4776643,635688566,887.8,335060,Protonibea_diacanthus,bony_fishes,3
GCA_028642525.1,867194,24893,32309,2896079755,57,9590,Symphalangus_syndactylus,siamang,20
GCA_028643795.1,2117925,40579,16665,3182857308,80,30640,Sciurus_carolinensis,gray_squirrel,23
GCA_028643805.1,457206,20315,42318,3085907905,90,9279,Dasyurus_viverrinus,eastern_quoll,21
GCA_028644305.1,1164041,12206,58140,2750758914,112,226860,Xerus_rutilus,unstriped_ground_squirrel,18
GCA_028645565.1,493925,17598,44968,2908029665,117,100937,Papio_papio,Guinea_baboon,31
GCA_028646355.1,284102,10968,61084,2372365934,82,161921,Arctocephalus_townsendi,Guadalupe_fur_seal,3
GCA_028646385.1,266806,11190,59977,2331324105,95,46167,Steno_bredanensis,rough-toothed_dolphin,0
GCA_028646425.1,813233,11274,62041,2536411710,131,83653,Grampus_griseus,Risso's_dolphin,0
GCA_028646445.1,159269,10919,65051,2407715237,84,29064,Panthera_uncia,snow_leopard,13
GCA_028646465.1,306900,6990,105810,2631998212,74,9809,Rhinoceros_unicornis,greater_Indian_rhinoceros,22
GCA_028646485.1,213093,5431,124286,2373352832,78,94188,Cryptoprocta_ferox,fossa,14
GCA_028646515.1,635686,35895,26949,3503377836,75,65629,Pseudochirops_corinnae,golden_ringtail_possum,44
GCA_028646535.1,877198,20058,34230,2525713215,86,9654,Procyon_lotor,raccoon,15
GCA_028646575.1,1001302,39426,24464,3603728918,60,656515,Pseudocheirus_occidentalis,Western_ringtail_oppossum,45
GCA_028646595.1,1222713,34298,28067,3623972075,69,65615,Phalanger_gymnotis,marsupials,43
GCA_028654425.1,1949,44,7787539,1176706617,283,8932,Columba_livia,rock_pigeon,1
GCA_028658305.1,551819,13048,47672,2488923329,82,298894,Pachyuromys_duprasi,fat-tailed_gerbil,27
GCA_028658325.1,1209112,19978,46323,3826410559,71,173936,Potorous_gilbertii,Gilbert's_potoroo,0
GCA_028769735.1,4137,26,14148922,1125514508,50,44393,Zonotrichia_leucophrys,birds,13
GCA_028858555.1,404,11,30109517,1302242811,38.95,9226,Ara_ararauna,blue-and-yellow_macaw,2
GCA_028858595.1,1191,11,28324902,1257837975,"232.6
232.6",9117,Grus_americana,Whooping_crane,3
GCA_028858625.1,394,20,20345758,1242527572,28.91,57412,Colius_striatus,speckled_mousebird,4
GCA_028858705.1,1191,11,28324902,1257837975,"232.6
232.6",9117,Grus_americana,Whooping_crane,3
GCA_028858725.1,332,14,22445975,1123441015,28.91,57412,Colius_striatus,speckled_mousebird,4
GCA_028858755.1,353,10,38811057,1224360198,38.95,9226,Ara_ararauna,blue-and-yellow_macaw,2
GCA_028858775.1,1500,12,94528342,3225356997,"70
70",9598,Pan_troglodytes,chimpanzee,26
GCA_028858805.1,1500,12,94528342,3225356997,"70
70",9598,Pan_troglodytes,chimpanzee,27
GCA_028858825.1,476,12,99957591,3087548429,"64
64",9597,Pan_paniscus,pygmy_chimpanzee,27
GCA_028858845.1,476,12,99957591,3087548429,"64
64",9597,Pan_paniscus,pygmy_chimpanzee,24
GCA_028878055.1,109,12,111498993,3198446238,"81
81",9590,Symphalangus_syndactylus,siamang,22
GCA_028878085.1,109,12,111498993,3198446238,"81
81",9590,Symphalangus_syndactylus,siamang,21
GCA_028885475.1,675,12,118427599,3535309668,"76
76",9595,Gorilla_gorilla_gorilla,western_lowland_gorilla,25
GCA_028885495.1,675,12,118427599,3535309668,"76
76",9595,Gorilla_gorilla_gorilla,western_lowland_gorilla,25
GCA_028885525.1,1593,13,90555683,3249335160,"62
62",9600,Pongo_pygmaeus,Bornean_orangutan,25
GCA_028885625.1,1593,13,90555683,3249335160,"62
62",9600,Pongo_pygmaeus,Bornean_orangutan,26
GCA_028885655.1,334,16,59577911,2994913325,"102
102",9601,Pongo_abelii,Sumatran_orangutan,24
GCA_028885685.1,334,16,59577911,2994913325,"102
102",9601,Pongo_abelii,Sumatran_orangutan,23
GCA_028973685.1,2072,28,37842133,3141606219,24.8,9913,Bos_taurus,cattle,22
GCA_028975605.1,326165,46423,14262,2335703376,110,9719,Pusa_sibirica,Baikal_seal,6
GCA_029042245.1,196,11,32460729,1135194460,91.36,189534,Aythya_marila,greater_scaup,4
GCA_029206835.1,9672,569,4644276,10160103425,30,160500,Rana_muscosa,mountain_yellow-legged_frog,176
GCA_029220125.1,1103,44,4219354,626455521,76.4,2059687,Pseudoliparis_swirei,bony_fishes,3
GCA_029224185.1,1141,82,1950773,632467793,41,334402,Karalla_daura,goldstripe_ponyfish,1
GCA_029281585.1,675,12,118427599,3600562452,76,9595,Gorilla_gorilla_gorilla,western_lowland_gorilla,25
GCA_029289425.1,451,10,141811947,3271621005,64,9597,Pan_paniscus,pygmy_chimpanzee,24
GCA_029378735.1,351,20,42080189,2663022100,"50
50",9915,Bos_indicus,zebu_cattle,21
GCA_029378745.1,351,20,42080189,2663022100,"50
50",9915,Bos_indicus,zebu_cattle,21
GCA_029407905.2,136,12,91172394,2898492518,34,346063,Bubalus_carabanensis,carabao,18
GCA_029410595.1,213,12,68603938,2448703571,107.96,74864,Martes_flavigula,yellow-throated_marten,15
GCA_029448725.1,6739,490,1231776,2496185110,120,8038,Salvelinus_fontinalis,brook_trout,10
GCA_029465975.1,3802,242,814405,719674739,63,75939,Dallia_pectoralis,Alaska_blackfish,4
GCA_029490765.1,292,23,11935974,785417969,100,8227,Euthynnus_affinis,eastern_little_tuna,3
GCA_029499605.1,5771,271,3809262,4142159359,30,327740,Hyla_sarda,Sardinian_treefrog,126
GCA_029574335.1,6555,817,1704296,4830730561,90.61,670907,Rana_kukunoris,plateau_brown_frog,211
GCA_029582105.1,1169,39,7795761,1036256795,100,2939378,Oenanthe_melanoleuca,birds,9
GCA_029620275.1,1059,117,2432960,971289456,125,1279364,Acrossocheilus_wenchowensis,bony_fishes,4
GCA_029633865.1,3659,379,917127,1482357630,32,2546036,Lampris_incognitus,smalleye_Pacific_opah,1
GCA_029633875.1,1359,65,4239583,1117251445,26.87,27720,Hoplias_malabaricus,trahira,4
GCA_029692045.1,4043,197,1398550,1005908649,38,82655,Conger_conger,European_conger,2
GCA_029692085.1,1292,26,24488841,2124863002,49,473457,Gymnothorax_javanicus,giant_moray,1
GCA_029718625.1,5708,779,519789,1503294022,13.6,118154,Synaphobranchus_kaupii,Kaup's_arrowtooth_eel,0
GCA_029721435.1,569,16,53379876,2174377324,30.52,473459,Gymnothorax_reevesii,Reeve's_moray,0
GCA_029721515.1,2325,19,12009665,691852649,160,51996,Synanceia_verrucosa,stonefish,2
GCA_029783895.1,609,18,12651899,656195002,40,1652672,Triplophysa_bombifrons,bony_fishes,5
GCA_029834435.1,1520,55,12246881,2338719933,106,8022,Oncorhynchus_mykiss,rainbow_trout,12
GCA_029853015.1,406,17,13767766,624711834,262.51,450224,Chelidonichthys_spinosus,red_gurnard,1
GCA_029890205.1,123,18,55022522,2270846306,45,10068,Acomys_cahirinus,Egyptian_spiny_mouse,30
GCA_029931775.1,744,20,26991305,1781916107,38,460621,Euleptes_europaea,tarantolino,52
GCA_029931835.1,6012,215,825597,764018257,32,54337,Etheostoma_nigrum,Johnny_darter,1
GCA_029959045.1,287,15,19050754,773284556,100,3041818,Taenioides_sp._WSHXM2023,bony_fishes,1
GCA_029963865.1,2111,27,28556066,2478972487,113.89,9646,Ailuropoda_melanoleuca,giant_panda,11
GCA_030012505.1,303,9,82034986,2296226205,81,27787,Eretmochelys_imbricata,hawksbill_sea_turtle,1
GCA_030014155.1,368,21,13298322,692104899,60,175792,Tachysurus_vachellii,bony_fishes,7
GCA_030014295.1,1111,15,82653632,3540893228,43,9785,Loxodonta_africana,African_savanna_elephant,22
GCA_030014385.1,547,24,13074164,1045025885,40,2290929,Trichomycterus_rosablanca,bony_fishes,8
GCA_030015415.1,207,9,84235024,1857070059,104.17,9400,Cynopterus_sphinx,Indian_short-nosed_fruit_bat,15
GCA_030020295.1,278,10,84235120,2328538659,35,94835,Gavialis_gangeticus,Gharial,7
GCA_030020395.1,1045,27,25547713,2840181150,30.11,143292,Manis_pentadactyla,Chinese_pangolin,2
GCA_030028045.1,582,18,50348260,2538242855,33,575201,Hippopotamus_amphibius_kiboko,hippopotamus,11
GCA_030028105.1,6525,118,7300797,4014635230,32,1983395,Mobula_birostris,giant_manta,0
GCA_030035585.1,294,17,57632671,3158488110,32,29137,Dugong_dugon,dugong,11
GCA_030035675.1,319,38,18156940,2307436586,38.35,261503,Rhineura_floridana,Florida_worm_lizard,11
GCA_030035685.1,3300,100,8612779,3634101053,32,1983395,Mobula_birostris,giant_manta,0
GCA_900005705.1,221128,43966,9390,1877559488,21,8022,Oncorhynchus_mykiss,rainbow_trout,11
GCA_900006655.3,16065,97,9406846,3084595669,75,9595,Gorilla_gorilla_gorilla,western_lowland_gorilla,22
GCA_900086635.1,13874,2166,17285,136302887,30,9600,Pongo_pygmaeus,Bornean_orangutan,14
GCA_900094665.2,136881,21586,30921,2552832562,"60
60",10089,Mus_caroli,Ryukyu_mouse,36
GCA_900095145.2,133720,22851,29465,2475012951,74,10093,Mus_pahari,shrew_mouse,36
GCA_900119615.2,698,11,4224874,175055249,50,9823,Sus_scrofa,pig,0
GCA_900246015.1,9930,1616,130633,689173177,180,215358,Larimichthys_crocea,large_yellow_croaker,1
GCA_900246225.5,739,58,4438245,880445568,48,8154,Astatotilapia_calliptera,eastern_happy,1
GCA_900324465.3,317,25,7055436,555658509,68,64144,Anabas_testudineus,climbing_perch,1
GCA_900324485.3,359,25,8014513,591951591,52,205130,Mastacembelus_armatus,zig-zag_eel,3
GCA_900411745.1,130433,9682,29908,1087903987,64,8839,Anas_platyrhynchos,mallard,2
GCA_900496995.4,372,19,21924221,1233704830,"60
60
60",223781,Aquila_chrysaetos_chrysaetos,golden_eagle,2
GCA_900634415.1,11565,1403,107516,671265480,"75
75",56716,Cottoperca_gobio,bony_fishes,2
GCA_900634625.2,1678,31,5080925,551029983,101,210632,Parambassis_ranga,Indian_glassy_fish,2
GCA_900634775.2,1595,132,1838341,937169869,58,441366,Gouania_willdenowi,blunt-snouted_clingfish,5
GCA_900634795.4,3872,320,302508,441035931,"48
48",158456,Betta_splendens,Siamese_fighting_fish,1
GCA_900700375.2,925,53,3059612,567417970,63,299321,Denticeps_clupeoides,denticle_herring,9
GCA_900700415.2,3714,198,1006413,786325606,75,7950,Clupea_harengus,Atlantic_herring,4
GCA_900747795.4,1600,155,6772339,3613551144,"58
58",27687,Erpetoichthys_calabaricus,reedfish,1
GCA_900880675.2,1224,75,2862625,833595063,56,8175,Sparus_aurata,gilthead_seabream,3
GCA_900963305.2,178,17,12371513,544229243,62,173247,Echeneis_naucrates,live_sharksucker,1
GCA_900964775.1,2007,307,659444,751313211,"72
72",113540,Scleropages_formosus,Asian_bonytongue,15
GCA_901000725.3,530,35,3136617,384126663,83,31033,Takifugu_rubripes,torafugu,4
GCA_901001135.2,4901,489,3216284,5319239186,43,194408,Rhinatrema_bivittatum,two-lined_caecilian,16
GCA_901001165.2,5378,294,1703178,2371880186,68,8032,Salmo_trutta,river_trout,14
GCA_901699155.2,1246,87,3790373,1178816852,"44
44",177155,Streptopelia_turtur,birds,1
GCA_901709675.2,130,11,11959915,324331233,96,161584,Syngnathus_acus,greater_pipefish,1
GCA_901765095.2,3530,366,3661507,4685939421,53,1415580,Microcaecilia_unicolor,caecilians,28
GCA_901933205.1,1530,19,16035651,1051609828,31,87175,Camarhynchus_parvulus,birds,5
GCA_902148845.1,805,86,2597836,797507141,"96
96",181472,Salarias_fasciatus,jewelled_blenny,2
GCA_902148855.1,2183,148,2360121,1342662642,"53
53",375764,Sphaeramia_orbicularis,orbiculate_cardinalfish,5
GCA_902150065.1,340,20,14475636,835254674,"45
45",586833,Myripristis_murdjan,pinecone_soldierfish,3
GCA_902167405.1,3595,622,278226,584119146,"83
83",8049,Gadus_morhua,Atlantic_cod,2
GCA_902362185.1,1940,366,508005,637484823,"68
68",29144,Chanos_chanos,milkfish,7
GCA_902410095.1,3712,325,535445,595676849,81,240163,Nibea_albiflora,white_flower_croaker,4
GCA_902459505.2,597,53,20656571,3779430017,67,260995,Geotrypetes_seraphini,caecilians,3
GCA_902500255.1,3013,310,2329598,2446592878,"67
67",390379,Thalassophryne_amazonica,bony_fishes,4
GCA_902635505.1,277,76,115082,26277846,"88
88",9305,Sarcophilus_harrisii,Tasmanian_devil,19
GCA_902655055.2,229,23,30403456,2438458878,63,9657,Lutra_lutra,Eurasian_river_otter,12
GCA_902685375.1,1484,215,960770,747174145,"119
119",300306,Neostethus_bicornis,bony_fishes,7
GCA_902686445.2,2576,52,13975867,2815397268,74,30640,Sciurus_carolinensis,gray_squirrel,27
GCA_902686455.2,1808,51,16333633,2878607543,23,55149,Sciurus_vulgaris,Eurasian_red_squirrel,25
GCA_902713425.2,2164,65,8776027,1899810788,61,7906,Acipenser_ruthenus,sterlet,12
GCA_902713435.2,1992,68,8948077,1882648115,61,7906,Acipenser_ruthenus,sterlet,12
GCA_902713615.2,7773,614,1862211,4220389930,"63
63",7830,Scyliorhinus_canicula,smaller_spotted_catshark,0
GCA_902806625.1,1980,23,15143611,1064016364,31,87175,Camarhynchus_parvulus,birds,7
GCA_902810595.1,8707,966,533126,2068074305,90,861768,Coregonus_sp._'balchen',bony_fishes,6
GCA_902827115.2,4129,434,656910,1026205435,93,52239,Pseudochaenichthys_georgianus,South_Georgia_icefish,1
GCA_903684855.2,2104,102,3603372,1360506095,67,7955,Danio_rerio,zebrafish,6
GCA_903684865.1,1964,85,4531818,1354075779,67,7955,Danio_rerio,zebrafish,7
GCA_903797595.2,2109,52,5585877,1086738418,"41
41",37610,Erithacus_rubecula,European_robin,11
GCA_903798145.1,2163,252,1517104,1381485597,"52
52",1142201,Danio_aesculapii,bony_fishes,8
GCA_903798165.1,144175,19310,17459,1421796480,54,7955,Danio_rerio,zebrafish,5
GCA_903798175.1,136262,19475,17829,1465089175,56,7955,Danio_rerio,zebrafish,7
GCA_903798185.1,137786,19504,17916,1405097869,56,7955,Danio_rerio,zebrafish,7
GCA_903798195.1,3259,376,1264270,1708446541,"51
51",242068,Danio_kyathit,bony_fishes,8
GCA_903992535.2,1085,127,5392280,2297766297,45,1047088,Arvicola_amphibius,Eurasian_water_vole,45
GCA_903992545.1,1868,108,4446752,1763439233,"62
62",59474,Pipistrellus_pipistrellus,common_pipistrelle,35
GCA_903995425.1,5088,308,2276141,2468394440,59,38674,Onychomys_torridus,southern_grasshopper_mouse,33
GCA_903995435.1,1502,145,4450755,2301522284,58,60746,Acomys_russatus,golden_spiny_mouse,32
GCA_904066995.1,171,27,8200425,697709266,63,8081,Poecilia_reticulata,guppy,1
GCA_904848185.1,215,18,14880455,685144197,"60
60",8177,Acanthopagrus_latus,yellowfin_seabream,3
GCA_905123515.1,3601,71,11058985,2766829411,40,9913,Bos_taurus,cattle,20
GCA_905123885.1,8473,49,18716610,2921040163,40,9913,Bos_taurus,cattle,18
GCA_905171665.2,375,35,6490592,801243942,"105
105",36212,Trachurus_trachurus,Atlantic_horse_mackerel,2
GCA_905171765.1,5501,350,3959750,5044744194,"64
64",8384,Bufo_bufo,common_toad,106
GCA_905171775.1,2411,196,6264810,4111422596,"63
63",8407,Rana_temporaria,common_frog,202
GCA_905237065.2,4222,33,28058890,2756584103,70,8030,Salmo_salar,Atlantic_salmon,12
GCA_905319855.2,248,25,34375412,2447463909,28,9612,Canis_lupus,gray_wolf,17
GCA_907164435.1,127573,20276,33040,2302401611,80,60744,Acomys_dimidiatus,rodents,30
GCA_907164505.1,109600,19128,33625,2162154686,85,83762,Acomys_kempi,Kemp's_spiny_mouse,0
GCA_907165065.1,274,11,30622946,1177791212,"87
87",111811,Caprimulgus_europaeus,Eurasian_nightjar,5
GCA_907169655.1,160804,25322,26477,2302049166,97,83527,Acomys_percivali,Percival's_spiny_mouse,0
GCA_910589615.1,269,18,13037006,615153901,"38
38",61643,Taurulus_bubalis,bony_fishes,3
GCA_910591455.2,2166,252,640680,590303236,"45
45",56726,Pholis_gunnellus,rock_gunnel,5
GCA_910594005.1,184,17,68741660,2886603524,"30
30",9860,Cervus_elaphus,red_deer,24
GCA_910596095.1,153,13,26803536,782423979,"46
46",8240,Thunnus_maccoyii,southern_bluefin_tuna,1
GCA_910950805.1,1079,21,12742779,1075083815,200,126889,Acrocephalus_scirpaceus_scirpaceus,Eurasian_reed_warbler,14
GCA_914725855.1,640,55,4118720,786643039,"45
45",8236,Thunnus_albacares,yellowfin_tuna,2
GCA_919967415.2,82,12,23439045,613860701,65,28829,Solea_senegalensis,Senegalese_sole,1
GCA_921997125.2,752,88,8562414,2532437445,40,10090,Mus_musculus,house_mouse,35
GCA_921997135.2,733,87,10023970,2546544102,40,10096,Mus_spretus,western_wild_mouse,35
GCA_921997145.2,424,24,35826829,2519913072,40,10090,Mus_musculus,house_mouse,35
GCA_921998315.2,447,20,49659417,2603173077,40,10090,Mus_musculus,house_mouse,35
GCA_921998325.2,964,119,6749549,2517363844,40,10090,Mus_musculus,house_mouse,35
GCA_921998335.2,412,28,26698258,2507124360,40,39442,Mus_musculus_musculus,eastern_European_house_mouse,34
GCA_921998345.2,1050,115,6279527,2519257336,40,10092,Mus_musculus_domesticus,western_European_house_mouse,34
GCA_921998355.2,488,45,16959821,2528261066,40,10090,Mus_musculus,house_mouse,35
GCA_921998555.2,1110,136,5000807,2516264171,40,10090,Mus_musculus,house_mouse,35
GCA_921998635.2,2818,358,1916862,2516166699,40,10090,Mus_musculus,house_mouse,30
GCA_921998905.2,544,60,12206296,2520503295,40,10090,Mus_musculus,house_mouse,35
GCA_921999005.2,369,26,32955239,2519863764,40,10091,Mus_musculus_castaneus,southeastern_Asian_house_mouse,34
GCA_921999095.2,1795,56,14400882,2727434176,40,57486,Mus_musculus_molossinus,Japanese_wild_mouse,35
GCA_921999865.2,798,89,8304515,2514609828,40,10090,Mus_musculus,house_mouse,35
GCA_922000895.2,1334,163,4609526,2502437360,40,10090,Mus_musculus,house_mouse,35
GCA_922984935.2,639,12,75210923,2738694574,85,9662,Meles_meles,Eurasian_badger,17
GCA_923944775.1,2991,29,27893759,2624445891,50,8030,Salmo_salar,Atlantic_salmon,12
GCA_929443795.2,638,27,17712854,1398030142,34,8957,Accipiter_gentilis,Northern_goshawk,2
GCA_931346935.2,4067,39,19218354,2621787693,27,8030,Salmo_salar,Atlantic_salmon,13
GCA_933228915.1,4619,719,323021,781234592,"36
36",446457,Telmatherina_bonti,bony_fishes,3
GCA_936440315.1,200,29,22843665,1584929904,"47
47",40830,Barbus_barbus,barbel,6
GCA_937001465.1,571,16,45583382,2647351467,"34
34",9733,Orcinus_orca,killer_whale,0
GCA_943294205.1,675,14,19817032,1085657715,110,9103,Meleagris_gallopavo,turkey,2
GCA_943295565.1,738,35,9174806,1051251094,137,9103,Meleagris_gallopavo,turkey,2
GCA_944039275.1,454,59,6927137,1413675870,"31
31",7955,Danio_rerio,zebrafish,7
GCA_944319715.1,2224,200,3438577,2500150936,58,10181,Heterocephalus_glaber,naked_mole-rat,19
GCA_944319725.1,2350,246,2890005,2499457539,55,10181,Heterocephalus_glaber,naked_mole-rat,20
GCA_946052875.1,1055,16,66457535,3030544191,50,1705790,Bos_gaurus_x_Bos_taurus,hybrid_cow,21
GCA_946808225.1,1036,49,4577990,800118513,"26
26",933932,Silurus_aristotelis,Aristotle's_catfish,0
GCA_946959425.1,1055,23,7813463,696267849,54,172269,Argyrosomus_regius,meagre,3
GCA_947034695.1,1444,15,84059894,3244660166,40,9913,Bos_taurus,cattle,20
GCA_947034865.1,925,72,2654543,617663352,"30
30",135647,Barbatula_barbatula,stone_loach,4
GCA_947179515.1,10863,1683,424995,2392986241,"25
25",10129,Apodemus_sylvaticus,European_woodmouse,38
GCA_947247035.1,9587,1568,216874,1180062022,"28
28",103942,Vipera_ursinii,snakes,1
GCA_947347685.1,1427,118,1477112,687388084,"35
35",8262,Pleuronectes_platessa,European_plaice,2
GCA_947461875.1,612,85,4576000,1320298205,"49
49",8969,Haliaeetus_albicilla,white-tailed_eagle,2
GCA_947593165.1,616,24,32925788,2822921548,40,10090,Mus_musculus,house_mouse,35
GCA_947599735.1,745,38,21715937,2856326412,40,10090,Mus_musculus,house_mouse,35
GCA_947650265.1,1774,156,1186940,636368453,"32
32",171736,Symphodus_melops,corkwing_wrasse,4
GCA_948146105.1,346,29,4933801,359216277,80,161584,Syngnathus_acus,greater_pipefish,1
GCA_948473215.1,13,3,2441479,19647028,38,9606,Homo_sapiens,human,0
GCA_948473225.1,31,4,1458937,19127894,21,9606,Homo_sapiens,human,0
GCA_948473235.1,20,3,2668988,21483326,27,9606,Homo_sapiens,human,0
GCA_948473255.1,17,3,2637664,20047005,50,9606,Homo_sapiens,human,0
GCA_948474675.1,15,3,2640901,20898827,32,9606,Homo_sapiens,human,0
GCA_948474725.1,21,3,1492506,21334752,49,9606,Homo_sapiens,human,0
GCA_948474735.1,22,5,1396989,18621146,13,9606,Homo_sapiens,human,0
GCA_949152265.1,4949,747,360429,925610136,"30
30",58324,Phoxinus_phoxinus,Eurasian_minnow,3
GCA_949316205.1,1915,208,742482,587918088,"49
49",8260,Platichthys_flesus,European_flounder,4
GCA_949316315.1,280,23,39533248,2770968735,"34
34",10090,Mus_musculus,house_mouse,35
GCA_949316345.1,1934,203,532838,413337341,"61
61",134920,Pungitius_pungitius,ninespine_stickleback,3
GCA_949319135.1,694,117,3040692,1101930522,"46
46",8284,Squalius_cephalus,European_chub,3
GCA_949357685.1,1277,170,2576923,1460679231,"34
34",27704,Gobio_gobio,gudgeon,3
GCA_949357725.1,4952,509,427399,763769615,"31
31",1484357,Hyperoplus_immaculatus,greater_sand-eel,3
GCA_949606895.1,5100,770,383412,1042906029,"24
24",101497,Notothenia_rossii,marbled_rockcod,2
GCA_949628215.1,9752,1626,191789,1080507657,"42
42",126867,Phalacrocorax_aristotelis,European_shag,1
GCA_949748355.1,1123,103,1934223,661975483,"39
39",1091424,Melanostigma_gelatinosum,limp_eelpout,4
GCA_949752795.1,1855,266,3126546,2828760712,"28
28",48744,Hyperoodon_ampullatus,northern_bottlenose_whale,0
GCA_949774975.1,1480,237,3398034,2544835795,"33
33",27610,Lagenorhynchus_albirostris,white-beaked_dolphin,0
GCA_949786385.1,1239,43,19200283,3152994889,40,38668,Onychomys_leucogaster,northern_grasshopper_mouse,35
GCA_949786395.1,1166,42,20532404,3068077476,40,38668,Onychomys_leucogaster,northern_grasshopper_mouse,34
GCA_949786405.1,844,31,26219289,2871851351,40,38679,Onychomys_arenicola,Chihuahuan_grasshopper_mouse,35
GCA_949786415.1,6899,436,1332236,2916547091,40,42410,Peromyscus_eremicus,cactus_mouse,39
GCA_949786425.1,930,26,29018958,2893799444,40,38679,Onychomys_arenicola,Chihuahuan_grasshopper_mouse,33
GCA_949786435.1,6896,452,1422290,2908086432,40,42410,Peromyscus_eremicus,cactus_mouse,39
GCA_949787125.1,6169,307,2287010,2461999269,40,38674,Onychomys_torridus,southern_grasshopper_mouse,33
GCA_949820135.1,415,26,34907720,2848420111,"26
26",9988,Sylvilagus_floridanus,eastern_cottontail,31
GCA_949987535.1,21272,3229,228078,2590401380,"30
30",9767,Balaenoptera_acutorostrata,minke_whale,0
GCA_949987555.1,5761,455,404732,788134964,"68
68",473354,Borostomias_antarcticus,large-eye_snaggletooth,1
GCA_949987615.1,4970,643,249476,591893695,"88
88",185739,Pollachius_pollachius,pollack,4
GCA_949987685.1,3620,391,540495,756335084,"58
58",146480,Ammodytes_marinus,lesser_sand-eel,4
GCA_950295315.1,4935,818,999919,2720701264,"31
31",9365,Erinaceus_europaeus,western_European_hedgehog,24
GCA_951216825.1,5080,355,1002537,1427445741,"43
43",206093,Electrona_antarctica,bony_fishes,0
GCA_951394145.1,1497,35,25533000,2829814183,32,228257,Rangifer_tarandus_platyrhyncus,reindeer,21
GCA_951640355.1,1630,256,2474537,2064119045,"33
33",59451,Eptesicus_nilssonii,northern_bat,27
#VALUE!,,,,,,#VALUE!,#VALUE!,#VALUE!,#VALUE!
#VALUE!,,,,,,#VALUE!,#VALUE!,#VALUE!,#VALUE!