Accession,Number of Genes,Number of Clusters,Fraction Clustered,Fraction in Biggest Cluster,Spacing of Biggest Cluster(kb),Total Len(kb),Total Space (kb/receptor)
GCA_001577835.2,2,0,0.0,0.0,,0.0,NA
GCA_023630585.1,4,1,0.5,0.5,10.21,20.42,10.21
GCA_003668045.2,35,3,0.86,0.69,25.07,856.55,28.55
GCA_013133815.1,4,1,0.75,0.75,2.25,6.76,2.25
GCA_003400415.2,1,0,0.0,0.0,,0.0,NA
GCA_028646485.1,14,2,0.86,0.5,19.3,1252.49,104.37
GCA_019924925.1,3,0,0.0,0.0,,0.0,NA
GCA_017976375.1,5,1,0.8,0.8,6.75,27.0,6.75
GCA_009769545.1,2,0,0.0,0.0,,0.0,NA
GCA_013377495.2,3,0,0.0,0.0,,0.0,NA
GCA_009769625.2,3,0,0.0,0.0,,0.0,NA
GCA_027409185.1,18,3,0.83,0.39,57.42,833.11,55.54
GCA_030015415.1,15,2,0.87,0.47,101.3,774.46,59.57
GCA_018340385.1,7,0,0.0,0.0,,0.0,NA
GCA_029465975.1,4,1,0.75,0.75,7.49,22.46,7.49
GCA_903798145.1,8,2,0.75,0.5,5.66,26.7,4.45
GCA_903798195.1,8,2,0.75,0.5,5.59,26.52,4.42
GCA_020184715.1,7,2,0.43,0.43,5.34,17.03,4.26
GCA_024666655.1,6,2,0.83,0.5,3.03,223.14,44.63
GCA_020854095.1,21,3,0.86,0.38,12.47,581.88,32.33
GCA_027789765.1,246,12,0.99,0.39,16.6,5257.3,21.63
GCA_900700375.2,9,2,0.89,0.44,3.53,43.27,5.41
GCA_009764565.4,1,0,0.0,0.0,,0.0,NA
GCA_022682495.1,8,2,0.75,0.38,11.16,922.0,153.67
GCA_020826845.1,27,3,0.89,0.59,29.97,895.75,37.32
GCA_019023105.1,10,2,0.8,0.5,6.42,42.46,5.31
GCA_016128335.2,3,0,0.0,0.0,,0.0,NA
GCA_019393635.1,25,4,0.92,0.32,58.32,837.21,36.4
GCA_022829085.1,3,0,0.0,0.0,,0.0,NA
GCA_016904835.1,4,1,0.5,0.5,3.18,6.35,3.17
GCA_021347895.1,4,1,0.5,0.5,3.08,6.16,3.08
GCA_904848185.1,3,1,0.67,0.67,2.77,5.54,2.77
GCA_929443795.2,2,0,0.0,0.0,,0.0,NA
GCA_027475565.2,10,2,0.8,0.5,29.33,1125.75,140.72
GCA_902713425.2,12,3,0.5,0.17,2.39,118.52,19.75
GCA_029890205.1,30,3,0.9,0.63,33.27,1004.69,37.21
GCA_907164435.1,30,3,0.83,0.63,31.68,829.95,33.2
GCA_903995435.1,32,3,0.91,0.66,26.48,928.19,32.01
GCA_027559615.1,8,1,0.75,0.75,4.57,27.42,4.57
GCA_910950805.1,14,2,0.93,0.64,6.61,78.45,6.03
GCA_029620275.1,4,0,0.0,0.0,,0.0,NA
GCA_020745825.3,12,3,0.92,0.42,9.35,72.51,6.59
GCA_028640845.1,2,1,1.0,1.0,2.84,5.68,2.84
GCA_002007445.3,12,2,0.75,0.42,233.72,1305.24,145.03
GCA_022829145.1,4,1,0.5,0.5,1.45,2.9,1.45
GCA_008658365.1,2,0,0.0,0.0,,0.0,NA
GCA_026122505.1,16,3,0.81,0.38,140.86,1262.45,97.11
GCA_017589495.2,3,0,0.0,0.0,,0.0,NA
GCA_018492685.1,3,0,0.0,0.0,,0.0,NA
GCA_017639355.1,2,0,0.0,0.0,,0.0,NA
GCA_002915635.3,70,15,0.63,0.1,148.62,6059.39,137.71
GCA_012411365.1,3,0,0.0,0.0,,0.0,NA
GCA_017591415.1,1,0,0.0,0.0,,0.0,NA
GCA_027887145.1,14,3,0.93,0.57,6.01,69.32,5.33
GCA_026122265.1,5,1,0.8,0.8,4.33,17.32,4.33
GCA_949987685.1,4,1,0.75,0.75,6.55,19.65,6.55
GCA_027579445.1,14,3,0.93,0.5,6.11,66.99,5.15
GCA_013435755.1,1,0,0.0,0.0,,0.0,NA
GCA_027123335.1,6,1,0.67,0.67,2.56,10.22,2.56
GCA_022539595.1,6,1,0.67,0.67,2.6,10.41,2.6
GCA_003047355.2,4,1,0.75,0.75,2.2,6.61,2.2
GCA_900324465.3,1,0,0.0,0.0,,0.0,NA
GCA_014839685.1,2,0,0.0,0.0,,0.0,NA
GCA_015476345.1,6,1,0.67,0.67,4.07,16.26,4.07
GCA_013347855.1,4,1,0.5,0.5,4.61,9.22,4.61
GCA_025169545.1,4,1,0.5,0.5,4.66,9.33,4.67
GCA_018555375.2,3,0,0.0,0.0,,0.0,NA
GCA_000090745.2,43,6,0.93,0.4,13.02,455.45,11.39
GCA_027596085.2,3,0,0.0,0.0,,0.0,NA
GCA_025388735.1,3,0,0.0,0.0,,0.0,NA
GCA_025583725.1,3,0,0.0,0.0,,0.0,NA
GCA_016432865.2,21,3,0.86,0.38,12.43,623.55,34.64
GCA_013358685.1,2,0,0.0,0.0,,0.0,NA
GCA_027563665.1,18,3,0.89,0.56,10.21,1238.4,77.4
GCA_021346845.1,5,1,0.6,0.6,2.11,6.34,2.11
GCA_017639675.1,7,2,0.86,0.57,227.25,916.06,152.68
GCA_947179515.1,38,5,0.87,0.55,27.17,1108.52,32.6
GCA_020740795.1,12,1,0.92,0.92,6.03,66.3,6.03
GCA_900496995.4,2,0,0.0,0.0,,0.0,NA
GCA_028858755.1,2,0,0.0,0.0,,0.0,NA
GCA_023079485.1,11,1,0.82,0.82,5.79,52.09,5.79
GCA_007364275.2,1,0,0.0,0.0,,0.0,NA
GCA_028646355.1,3,1,0.67,0.67,2.76,5.52,2.76
GCA_946959425.1,3,1,0.67,0.67,2.06,4.13,2.06
GCA_011762505.1,39,3,0.9,0.69,37.85,1393.59,39.82
GCA_903992535.2,45,3,0.91,0.73,44.2,1863.9,45.46
GCA_023376895.1,5,0,0.0,0.0,,0.0,NA
GCA_900246225.5,1,0,0.0,0.0,,0.0,NA
GCA_023375975.1,18,2,0.83,0.72,6.76,91.15,6.08
GCA_009819795.1,4,1,0.5,0.5,3.1,6.2,3.1
GCA_029042245.1,4,1,0.5,0.5,3.1,6.2,3.1
GCA_028533215.1,14,2,0.79,0.5,18.73,1333.09,121.19
GCA_009873245.3,2,0,0.0,0.0,,0.0,NA
GCA_947034865.1,4,1,0.5,0.5,2.41,4.81,2.4
GCA_936440315.1,6,0,0.0,0.0,,0.0,NA
GCA_019155185.1,2,0,0.0,0.0,,0.0,NA
GCA_900634795.4,1,0,0.0,0.0,,0.0,NA
GCA_027579735.1,91,4,0.96,0.53,55.12,6218.23,71.47
GCA_949987555.1,1,0,0.0,0.0,,0.0,NA
GCA_014182915.2,18,2,0.78,0.61,20.99,532.77,38.05
GCA_005887515.3,14,3,0.79,0.5,32.78,547.61,49.78
GCA_000247795.2,20,4,0.8,0.5,27.46,842.15,49.54
GCA_027580195.1,22,3,0.86,0.55,18.22,741.73,39.04
GCA_002263795.3,21,4,0.81,0.52,20.31,743.2,41.29
GCA_020698575.1,3,1,0.67,0.67,1.22,2.44,1.22
GCA_023856365.1,2,0,0.0,0.0,,0.0,NA
GCA_019923935.1,20,3,0.85,0.5,19.24,693.0,40.76
GCA_029407905.2,18,3,0.89,0.5,21.14,704.76,44.05
GCA_009769605.1,2,0,0.0,0.0,,0.0,NA
GCA_023091745.2,19,4,0.79,0.47,22.61,664.27,41.52
GCA_905171765.1,106,8,0.97,0.25,21.02,5234.5,50.82
GCA_014858855.1,131,9,0.95,0.29,59.81,5877.44,47.4
GCA_023653725.1,2,1,1.0,1.0,4.55,9.09,4.54
GCA_018104995.1,4,1,0.5,0.5,100.98,201.96,100.98
GCA_011100555.2,23,3,0.87,0.52,98.61,1632.46,81.62
GCA_003957555.2,8,1,0.88,0.88,4.4,30.78,4.4
GCA_901933205.1,5,2,0.8,0.4,2.6,9.68,2.42
GCA_000803125.3,11,3,0.82,0.36,11.44,355.83,39.54
GCA_009834535.1,11,2,0.82,0.55,197.1,1221.14,135.68
GCA_905319855.2,17,2,0.88,0.47,159.62,1437.22,95.81
GCA_000978405.1,22,5,0.82,0.32,19.06,721.48,37.97
GCA_001704415.2,21,3,0.86,0.48,20.96,688.98,38.28
GCA_907165065.1,5,1,0.6,0.6,5.22,15.67,5.22
GCA_003368295.1,10,0,0.0,0.0,,0.0,NA
GCA_023724105.1,6,0,0.0,0.0,,0.0,NA
GCA_023653815.1,3,1,1.0,1.0,207.77,623.32,207.77
GCA_009819825.1,2,0,0.0,0.0,,0.0,NA
GCA_021442165.1,27,3,0.89,0.56,30.35,927.67,38.65
GCA_028627265.1,25,4,0.8,0.4,19.15,1267.08,63.35
GCA_018697195.1,3,0,0.0,0.0,,0.0,NA
GCA_019320065.1,23,4,0.83,0.61,14.86,591.01,29.55
GCA_910594005.1,24,4,0.83,0.62,13.84,632.24,30.11
GCA_010411085.1,20,2,0.85,0.55,17.28,1590.77,93.57
GCA_023974075.1,1,0,0.0,0.0,,0.0,NA
GCA_024489055.1,3,0,0.0,0.0,,0.0,NA
GCA_902362185.1,7,3,1.0,0.43,4.71,198.03,28.29
GCA_018320785.1,3,0,0.0,0.0,,0.0,NA
GCA_029853015.1,1,0,0.0,0.0,,0.0,NA
GCA_017976325.1,3,1,0.67,0.67,1.23,2.47,1.24
GCA_015237465.2,1,0,0.0,0.0,,0.0,NA
GCA_009829145.1,13,1,0.85,0.85,7.6,83.65,7.6
GCA_000409795.2,30,3,0.9,0.6,29.03,997.13,36.93
GCA_015220235.1,8,2,0.75,0.38,144.0,634.87,105.81
GCA_000241765.5,8,3,0.62,0.38,14.36,102.6,17.1
GCA_028533335.1,14,2,0.86,0.57,135.25,1168.71,97.39
GCA_017639555.1,2,0,0.0,0.0,,0.0,NA
GCA_024256425.2,3,0,0.0,0.0,,0.0,NA
GCA_900700415.2,4,0,0.0,0.0,,0.0,NA
GCA_028534165.1,25,2,0.72,0.4,71.84,1972.0,109.56
GCA_027475355.1,3,0,0.0,0.0,,0.0,NA
GCA_015227895.2,5,2,1.0,0.6,2.26,945.74,189.15
GCA_028858725.1,4,1,0.75,0.75,3.84,11.53,3.84
GCA_004119915.2,7,3,0.86,0.29,1.85,328.99,54.83
GCA_021498455.1,26,4,0.88,0.35,23.9,937.95,40.78
GCA_013407035.1,4,1,0.5,0.5,8.64,17.28,8.64
GCA_001887795.1,1,0,0.0,0.0,,0.0,NA
GCA_029692045.1,2,0,0.0,0.0,,0.0,NA
GCA_020615455.1,8,2,0.5,0.25,14.56,59.08,14.77
GCA_902810595.1,6,1,0.33,0.33,14.46,28.92,14.46
GCA_011952105.1,1,0,0.0,0.0,,0.0,NA
GCA_000738735.6,9,2,0.89,0.56,5.35,38.09,4.76
GCA_020740725.1,9,2,0.89,0.56,3.75,32.03,4.0
GCA_009650955.1,10,2,0.9,0.6,5.48,40.69,4.52
GCA_900634415.1,2,0,0.0,0.0,,0.0,NA
GCA_023566465.1,2,0,0.0,0.0,,0.0,NA
GCA_001577835.2,2,0,0.0,0.0,,0.0,NA
GCA_023630585.1,4,1,0.5,0.5,10.21,20.42,10.21
GCA_003668045.2,35,3,0.86,0.69,25.07,856.55,28.55
GCA_013133815.1,4,1,0.75,0.75,2.25,6.76,2.25
GCA_003400415.2,1,0,0.0,0.0,,0.0,NA
GCA_028646485.1,14,2,0.86,0.5,19.3,1252.49,104.37
GCA_019924925.1,3,0,0.0,0.0,,0.0,NA
GCA_017976375.1,5,1,0.8,0.8,6.75,27.0,6.75
GCA_009769545.1,2,0,0.0,0.0,,0.0,NA
GCA_013377495.2,3,0,0.0,0.0,,0.0,NA
GCA_009769625.2,3,0,0.0,0.0,,0.0,NA
GCA_027409185.1,18,3,0.83,0.39,57.42,833.11,55.54
GCA_030015415.1,15,2,0.87,0.47,101.3,774.46,59.57
GCA_018340385.1,7,0,0.0,0.0,,0.0,NA
GCA_029465975.1,4,1,0.75,0.75,7.49,22.46,7.49
GCA_903798145.1,8,2,0.75,0.5,5.66,26.7,4.45
GCA_903798195.1,8,2,0.75,0.5,5.59,26.52,4.42
GCA_020184715.1,7,2,0.43,0.43,5.34,17.03,4.26
GCA_024666655.1,6,2,0.83,0.5,3.03,223.14,44.63
GCA_020854095.1,21,3,0.86,0.38,12.47,581.88,32.33
GCA_027789765.1,246,12,0.99,0.39,16.6,5257.3,21.63
GCA_900700375.2,9,2,0.89,0.44,3.53,43.27,5.41
GCA_009764565.4,1,0,0.0,0.0,,0.0,NA
GCA_022682495.1,8,2,0.75,0.38,11.16,922.0,153.67
GCA_020826845.1,27,3,0.89,0.59,29.97,895.75,37.32
GCA_019023105.1,10,2,0.8,0.5,6.42,42.46,5.31
GCA_016128335.2,3,0,0.0,0.0,,0.0,NA
GCA_019393635.1,25,4,0.92,0.32,58.32,837.21,36.4
GCA_014839835.1,3,1,0.67,0.67,2.69,5.38,2.69
GCA_030035585.1,11,3,0.82,0.45,70.36,426.52,47.39
GCA_027744805.2,3,1,0.67,0.67,2.94,5.88,2.94
GCA_900963305.2,1,0,0.0,0.0,,0.0,NA
GCA_028627145.1,14,2,0.86,0.5,92.89,714.04,59.5
GCA_024166365.1,21,3,0.86,0.38,28.42,1150.37,63.91
GCA_019857665.1,191,39,0.58,0.03,32.24,2498.89,22.72
GCA_028017835.1,8,2,0.75,0.38,20.16,664.59,110.77
GCA_019512145.1,185,27,0.72,0.08,9.0,2117.05,15.92
GCA_026686955.1,4,1,0.75,0.75,2.32,6.97,2.32
GCA_011397635.1,4,1,0.75,0.75,2.3,6.89,2.3
GCA_005281545.1,2,0,0.0,0.0,,0.0,NA
GCA_006386435.1,2,0,0.0,0.0,,0.0,NA
GCA_027574615.1,28,3,0.93,0.64,7.85,1488.51,57.25
GCA_951640355.1,27,3,0.93,0.63,9.43,1477.6,59.1
GCA_016077325.2,23,2,0.83,0.52,42.71,806.32,42.44
GCA_002863925.1,24,3,0.92,0.54,39.11,809.32,36.79
GCA_021613505.1,24,2,0.75,0.5,41.47,784.36,43.58
GCA_028451465.1,27,4,0.93,0.44,109.41,1846.73,73.87
GCA_030012505.1,1,0,0.0,0.0,,0.0,NA
GCA_950295315.1,24,3,0.96,0.42,17.12,832.43,36.19
GCA_903797595.2,11,2,0.91,0.55,4.84,77.08,7.71
GCA_900747795.4,1,0,0.0,0.0,,0.0,NA
GCA_028021215.1,1,0,0.0,0.0,,0.0,NA
GCA_000721915.3,5,1,0.4,0.4,2.99,5.97,2.98
GCA_013103735.1,1,0,0.0,0.0,,0.0,NA
GCA_029931835.1,1,0,0.0,0.0,,0.0,NA
GCA_026937815.1,1,0,0.0,0.0,,0.0,NA
GCA_008692095.1,1,0,0.0,0.0,,0.0,NA
GCA_028564815.1,1,0,0.0,0.0,,0.0,NA
GCA_028583425.1,22,3,0.91,0.73,13.67,243.44,12.17
GCA_028534055.1,18,2,0.67,0.33,21.24,967.66,80.64
GCA_029931775.1,52,3,0.98,0.79,13.74,670.46,13.15
GCA_029490765.1,3,1,0.67,0.67,1.53,3.06,1.53
GCA_023638135.1,2,0,0.0,0.0,,0.0,NA
GCA_023634085.1,2,0,0.0,0.0,,0.0,NA
GCA_017639655.1,3,1,0.67,0.67,16.65,33.29,16.64
GCA_023634155.1,2,0,0.0,0.0,,0.0,NA
GCA_015220075.1,2,0,0.0,0.0,,0.0,NA
GCA_018350175.1,13,2,0.85,0.62,20.41,346.17,31.47
GCA_000003115.1,10,1,0.5,0.5,33.19,165.94,33.19
GCA_019924945.1,13,2,0.77,0.62,18.81,328.9,32.89
GCA_028533295.1,13,2,0.85,0.54,21.52,1067.49,97.04
GCA_000247815.2,5,1,0.6,0.6,8.36,25.07,8.36
GCA_015532645.2,3,1,0.67,0.67,9.85,19.71,9.86
GCA_011125445.2,2,0,0.0,0.0,,0.0,NA
GCA_902167405.1,2,0,0.0,0.0,,0.0,NA
GCA_016699485.1,3,0,0.0,0.0,,0.0,NA
GCA_019740435.1,1,0,0.0,0.0,,0.0,NA
GCA_016920845.1,3,1,0.67,0.67,2.29,4.58,2.29
GCA_014132575.2,2,0,0.0,0.0,,0.0,NA
GCA_027917425.1,31,6,0.9,0.35,16.16,1196.92,42.75
GCA_030020295.1,7,2,0.71,0.43,12.8,58.7,11.74
GCA_009764595.1,20,3,0.95,0.45,8.26,123.25,6.49
GCA_902459505.2,3,0,0.0,0.0,,0.0,NA
GCA_017591445.1,22,5,0.86,0.36,15.74,936.57,49.29
GCA_013496395.1,14,3,0.86,0.43,19.39,567.34,47.28
GCA_021462225.2,1,0,0.0,0.0,,0.0,NA
GCA_949357685.1,3,0,0.0,0.0,,0.0,NA
GCA_023029165.1,3,0,0.0,0.0,,0.0,NA
GCA_007399415.1,11,4,0.82,0.27,16.17,1147.76,127.53
GCA_025201925.1,10,2,0.6,0.3,228.9,728.11,121.35
GCA_029281585.1,25,3,0.88,0.52,29.0,878.11,39.91
GCA_900634775.2,5,1,0.8,0.8,2.8,11.21,2.8
GCA_016433145.1,32,4,0.88,0.31,14.57,829.52,29.63
GCA_028858705.1,3,0,0.0,0.0,,0.0,NA
GCA_023631565.1,2,0,0.0,0.0,,0.0,NA
GCA_027564155.1,4,0,0.0,0.0,,0.0,NA
GCA_018139145.2,2,0,0.0,0.0,,0.0,NA
GCA_029692085.1,1,0,0.0,0.0,,0.0,NA
GCA_028022735.1,2,0,0.0,0.0,,0.0,NA
GCA_027477595.1,19,2,1.0,0.89,10.29,178.8,9.41
GCA_947461875.1,2,0,0.0,0.0,,0.0,NA
GCA_026419915.1,2,0,0.0,0.0,,0.0,NA
GCA_028533245.1,16,2,0.81,0.44,20.53,1170.26,90.02
GCA_019097595.1,4,1,0.5,0.5,2.67,5.33,2.67
GCA_027244095.1,21,2,0.86,0.57,24.37,418.73,23.26
GCA_020745705.1,3,1,0.67,0.67,2.44,4.87,2.44
GCA_017165825.1,6,1,0.33,0.33,13.4,26.8,13.4
GCA_944319715.1,19,4,0.95,0.47,111.99,1373.28,76.29
GCA_028571685.1,30,4,0.93,0.4,79.05,1505.42,53.77
GCA_011075105.1,3,0,0.0,0.0,,0.0,NA
GCA_018136845.1,6,1,0.83,0.83,3.71,18.56,3.71
GCA_023065765.1,17,3,0.76,0.53,22.97,1300.2,92.87
GCA_025434085.3,1,0,0.0,0.0,,0.0,NA
GCA_022539355.2,2,0,0.0,0.0,,0.0,NA
GCA_030028045.1,11,3,0.82,0.45,30.44,1333.64,133.36
GCA_015227805.3,10,2,0.9,0.6,7.65,56.71,6.3
GCA_014905855.1,23,3,0.91,0.57,32.2,923.13,43.96
GCA_029633875.1,4,1,0.75,0.75,7.53,22.58,7.53
GCA_015741225.1,31,5,0.77,0.32,139.14,1805.19,72.21
GCA_020226075.1,17,4,0.76,0.47,18.65,544.88,38.92
GCA_029499605.1,126,8,0.98,0.45,41.34,5085.04,41.01
GCA_021498465.1,22,3,0.86,0.5,25.01,779.49,41.03
GCA_019447015.1,45,6,0.87,0.29,71.87,2571.08,65.93
GCA_949357725.1,3,1,0.67,0.67,2.74,5.48,2.74
GCA_026929865.2,2,0,0.0,0.0,,0.0,NA
GCA_021917145.1,6,1,0.5,0.5,89.58,268.74,89.58
GCA_022817975.1,3,0,0.0,0.0,,0.0,NA
GCA_023375685.2,5,1,0.6,0.6,13.18,39.53,13.18
GCA_001660625.3,5,1,0.6,0.6,11.92,35.77,11.92
GCA_016881025.1,19,3,0.84,0.53,61.78,856.62,53.54
GCA_022702515.1,4,1,0.5,0.5,5.54,11.08,5.54
GCA_022702525.1,4,1,0.5,0.5,5.79,11.58,5.79
GCA_022702415.1,4,1,0.5,0.5,5.79,11.58,5.79
GCA_027791375.2,3,1,0.67,0.67,3.67,7.34,3.67
GCA_016859345.1,2,0,0.0,0.0,,0.0,NA
GCA_020740685.1,26,3,0.85,0.58,82.62,1579.78,71.81
GCA_003829775.2,3,0,0.0,0.0,,0.0,NA
GCA_029224185.1,1,0,0.0,0.0,,0.0,NA
GCA_007896545.1,2,0,0.0,0.0,,0.0,NA
GCA_001649575.2,2,0,0.0,0.0,,0.0,NA
GCA_022985175.1,4,1,0.5,0.5,1.55,3.1,1.55
GCA_009819535.1,28,3,0.96,0.79,5.52,143.2,5.3
GCA_023343835.1,2,0,0.0,0.0,,0.0,NA
GCA_028533205.1,29,5,0.86,0.31,56.1,856.39,34.26
GCA_028534125.1,12,2,0.75,0.42,180.22,948.1,105.34
GCA_029633865.1,1,0,0.0,0.0,,0.0,NA
GCA_015883425.2,5,1,0.6,0.6,13.37,40.1,13.37
GCA_000972845.2,4,1,0.5,0.5,1.95,3.89,1.95
GCA_004023545.1,2,0,0.0,0.0,,0.0,NA
GCA_001640805.2,2,0,0.0,0.0,,0.0,NA
GCA_020740605.1,27,3,0.89,0.48,36.97,1593.33,66.39
GCA_028533165.1,21,3,0.62,0.29,29.36,516.38,39.72
GCA_000242695.1,3,0,0.0,0.0,,0.0,NA
GCA_018994145.1,102,9,0.97,0.25,18.83,4592.94,46.39
GCA_009667805.1,135,11,0.98,0.28,16.52,3020.16,22.88
GCA_009760805.1,25,3,0.88,0.68,35.27,881.28,40.06
GCA_023718395.1,3,0,0.0,0.0,,0.0,NA
GCA_021554675.1,3,0,0.0,0.0,,0.0,NA
GCA_008360975.2,19,2,0.95,0.53,6.36,96.4,5.36
GCA_028564925.1,248,10,1.0,0.38,31.25,10243.04,41.3
GCA_005870125.1,2,1,1.0,1.0,2.75,5.5,2.75
GCA_030014295.1,22,3,0.86,0.36,29.43,1142.34,60.12
GCA_020091685.1,4,1,0.5,0.5,2.59,5.18,2.59
GCA_902655055.2,12,2,0.92,0.58,19.16,1161.91,105.63
GCA_001883655.1,12,2,0.83,0.42,241.05,1365.61,136.56
GCA_028022725.1,5,1,0.8,0.8,8.81,35.25,8.81
GCA_007474595.2,14,2,0.86,0.57,18.16,1168.39,97.37
GCA_026956025.1,28,4,0.89,0.36,23.37,945.2,37.81
GCA_012559485.3,29,5,0.9,0.31,20.89,911.14,35.04
GCA_003339765.3,29,4,0.9,0.38,22.64,968.54,37.25
GCA_028583105.1,31,4,0.48,0.16,20.88,458.16,30.54
GCA_028627215.1,37,3,0.62,0.24,18.65,583.2,25.36
GCA_027887155.1,8,2,0.75,0.38,15.81,117.14,19.52
GCA_009741485.1,11,2,0.82,0.55,6.0,70.22,7.8
GCA_030020395.1,2,0,0.0,0.0,,0.0,NA
GCA_029410595.1,15,2,0.93,0.6,14.05,1181.41,84.39
GCA_900324485.3,3,1,0.67,0.67,1.88,3.77,1.89
GCA_008632895.1,31,4,0.87,0.45,28.03,890.4,32.98
GCA_020497125.1,11,3,0.73,0.27,13.0,945.46,118.18
GCA_016161935.1,13,4,0.54,0.23,294.44,1191.59,148.95
GCA_000238955.5,1,0,0.0,0.0,,0.0,NA
GCA_021613375.1,11,2,0.82,0.55,7.78,56.88,6.32
GCA_018812025.1,3,0,0.0,0.0,,0.0,NA
GCA_019176425.1,5,2,0.8,0.4,2.44,746.53,186.63
GCA_013368585.1,3,1,0.67,0.67,2.67,5.34,2.67
GCA_949748355.1,4,1,0.75,0.75,2.58,7.73,2.58
GCA_017639745.1,2,0,0.0,0.0,,0.0,NA
GCA_000146605.4,2,0,0.0,0.0,,0.0,NA
GCA_922984935.2,17,2,0.88,0.53,15.5,1301.42,86.76
GCA_012275295.1,1,0,0.0,0.0,,0.0,NA
GCA_028018845.1,20,3,0.95,0.5,6.3,105.97,5.58
GCA_009819595.1,5,1,0.8,0.8,5.36,21.45,5.36
GCA_901765095.2,28,2,0.93,0.54,24.41,1824.34,70.17
GCA_000165445.3,24,2,0.83,0.5,82.25,2174.15,108.71
GCA_021292245.1,1,0,0.0,0.0,,0.0,NA
GCA_019677235.1,1,0,0.0,0.0,,0.0,NA
GCA_000317375.1,43,3,0.91,0.74,35.57,1559.74,39.99
GCA_028551445.1,29,4,0.72,0.24,19.78,759.42,36.16
GCA_021288785.3,3,0,0.0,0.0,,0.0,NA
GCA_027580225.1,5,1,0.4,0.4,24.1,48.21,24.11
GCA_012460135.3,9,2,0.78,0.44,4.56,32.95,4.71
GCA_027887165.1,24,4,0.88,0.38,30.82,710.22,33.82
GCA_015832195.1,13,2,0.92,0.77,5.43,61.72,5.14
GCA_016735935.1,1,0,0.0,0.0,,0.0,NA
GCA_028533875.1,17,3,0.65,0.35,15.24,1149.02,95.75
GCA_020276665.1,24,3,0.88,0.62,13.94,664.31,31.63
GCA_008782695.1,24,3,0.83,0.58,19.33,649.33,32.47
GCA_027704905.1,2,1,1.0,1.0,3.49,6.99,3.5
GCA_900094665.2,36,4,0.89,0.5,20.13,780.5,24.39
GCA_000001635.9,35,3,0.89,0.66,62.0,1842.5,59.44
GCA_900095145.2,36,4,0.86,0.58,66.19,1761.13,56.81
GCA_921997135.2,35,4,0.89,0.49,22.12,837.63,27.02
GCA_009829155.1,13,2,0.85,0.54,18.34,314.82,28.62
GCA_022355385.1,13,2,0.85,0.54,18.44,321.76,29.25
GCA_017639245.1,1,0,0.0,0.0,,0.0,NA
GCA_902150065.1,3,1,0.67,0.67,5.54,11.08,5.54
GCA_019703515.2,9,2,0.56,0.33,5.31,30.84,6.17
GCA_028533885.1,16,2,0.88,0.44,152.26,1158.89,82.78
GCA_014905685.2,2,0,0.0,0.0,,0.0,NA
GCA_027579695.1,3,0,0.0,0.0,,0.0,NA
GCA_028018385.1,13,2,0.77,0.62,19.44,166.39,16.64
GCA_020171115.1,14,2,0.86,0.5,19.14,1210.12,100.84
GCA_002201575.2,3,1,0.67,0.67,30.69,61.38,30.69
GCA_902685375.1,7,1,0.86,0.86,2.83,17.01,2.84
GCA_011076525.1,2,0,0.0,0.0,,0.0,NA
GCA_014281875.1,3,1,0.67,0.67,1.96,3.92,1.96
GCA_023373845.1,4,1,0.5,0.5,1.89,3.78,1.89
GCA_006542625.1,21,3,0.86,0.43,20.92,669.02,37.17
GCA_028372415.1,36,5,0.94,0.42,40.41,1225.62,36.05
GCA_001465895.2,1,0,0.0,0.0,,0.0,NA
GCA_009762535.1,4,1,0.5,0.5,1.63,3.25,1.62
GCA_949606895.1,2,0,0.0,0.0,,0.0,NA
GCA_002078875.2,2,0,0.0,0.0,,0.0,NA
GCA_013368605.1,3,1,0.67,0.67,4.54,9.07,4.54
GCA_023898255.1,20,3,0.85,0.5,40.93,845.77,49.75
GCA_027406575.1,22,3,0.86,0.5,36.78,916.67,48.25
GCA_014633375.1,28,2,0.89,0.64,7.93,1295.57,51.82
GCA_020976825.1,21,4,0.76,0.52,18.48,441.57,25.97
GCA_023699985.2,21,3,0.86,0.57,17.23,660.24,36.68
GCA_027942865.1,2,0,0.0,0.0,,0.0,NA
GCA_029582105.1,9,1,0.78,0.78,5.68,39.78,5.68
GCA_024291935.2,16,2,0.81,0.5,15.49,1302.32,100.18
GCA_021184085.1,8,2,0.62,0.38,24.39,87.76,17.55
GCA_023373465.1,9,2,0.56,0.33,23.61,91.1,18.22
GCA_002021735.2,11,2,0.55,0.27,27.99,125.83,20.97
GCA_013265735.3,16,4,0.75,0.25,8.0,765.43,63.79
GCA_006149115.2,9,2,0.44,0.22,316.16,658.9,164.72
GCA_018296145.1,13,3,0.62,0.23,27.62,730.55,91.32
GCA_949786405.1,35,4,0.86,0.66,38.87,1268.47,40.92
GCA_949786385.1,35,4,0.86,0.66,38.02,1249.14,40.29
GCA_903995425.1,33,4,0.88,0.45,30.92,1048.46,36.15
GCA_012432095.1,4,0,0.0,0.0,,0.0,NA
GCA_013358895.1,1,0,0.0,0.0,,0.0,NA
GCA_001858045.3,1,0,0.0,0.0,,0.0,NA
GCA_004115215.4,7,1,0.86,0.86,22.49,134.97,22.5
GCA_009806435.2,30,3,0.9,0.7,16.79,627.95,23.26
GCA_023969325.1,1,0,0.0,0.0,,0.0,NA
GCA_003999625.1,1,0,0.0,0.0,,0.0,NA
GCA_002234675.1,1,0,0.0,0.0,,0.0,NA
GCA_002922805.2,1,0,0.0,0.0,,0.0,NA
GCA_026413225.1,4,1,0.5,0.5,6.2,12.4,6.2
GCA_028583565.1,16,3,0.81,0.5,27.99,695.82,53.52
GCA_016772045.1,19,3,0.84,0.47,24.59,701.08,43.82
GCA_001039535.1,16,3,0.81,0.44,28.31,640.4,49.26
GCA_014523465.1,18,3,0.83,0.44,27.93,699.38,46.63
GCA_011077185.1,3,0,0.0,0.0,,0.0,NA
GCA_028658305.1,27,4,0.85,0.59,27.5,729.35,31.71
GCA_028031935.1,3,0,0.0,0.0,,0.0,NA
GCA_029289425.1,24,3,0.88,0.5,27.49,827.01,39.38
GCA_028858775.1,26,3,0.92,0.62,26.15,740.96,30.87
GCA_022758105.1,6,2,0.33,0.33,7.07,15.07,5.02
GCA_027358585.1,5,1,0.0,0.2,0.93,0.93,0.93
GCA_022985145.1,6,2,0.33,0.33,3.06,7.2,2.4
GCA_018350215.1,13,2,0.85,0.54,21.7,1185.03,107.73
GCA_028533385.1,14,3,0.79,0.57,18.92,1009.33,84.11
GCA_018350195.2,14,2,0.86,0.57,19.08,1151.43,95.95
GCA_023721935.1,13,2,0.85,0.54,20.3,1043.81,94.89
GCA_008728515.2,29,4,0.86,0.38,21.01,887.18,35.49
GCA_028645565.1,31,4,0.74,0.26,20.94,798.11,34.7
GCA_018749465.1,3,0,0.0,0.0,,0.0,NA
GCA_001904815.2,1,0,0.0,0.0,,0.0,NA
GCA_900634625.2,2,0,0.0,0.0,,0.0,NA
GCA_001522545.3,3,1,0.67,0.67,4.32,8.64,4.32
GCA_001700915.1,3,1,0.67,0.67,3.72,7.43,3.71
GCA_004354835.1,1,0,0.0,0.0,,0.0,NA
GCA_025617405.1,2,0,0.0,0.0,,0.0,NA
GCA_009829125.3,3,1,0.67,0.67,2.27,4.55,2.27
GCA_023159225.1,26,2,0.88,0.58,8.78,1367.99,59.48
GCA_949786415.1,39,4,0.87,0.67,31.82,1189.09,33.97
GCA_004664715.2,33,3,0.88,0.67,34.05,1023.11,35.28
GCA_003704035.3,35,5,0.86,0.49,35.21,1050.53,33.89
GCA_003704135.2,31,3,0.84,0.58,49.7,1252.34,48.17
GCA_016906955.1,15,2,0.8,0.4,21.05,1493.72,124.48
GCA_949628215.1,1,0,0.0,0.0,,0.0,NA
GCA_028646595.1,43,3,0.56,0.26,41.42,965.8,40.24
GCA_023856395.1,31,2,0.87,0.61,23.35,1572.82,58.25
GCA_009819775.1,1,0,0.0,0.0,,0.0,NA
GCA_020510985.1,2,0,0.0,0.0,,0.0,NA
GCA_910591455.2,5,1,0.8,0.8,2.75,10.99,2.75
GCA_949152265.1,3,0,0.0,0.0,,0.0,NA
GCA_020142125.1,10,2,0.7,0.4,63.66,325.52,46.5
GCA_024500275.1,1,0,0.0,0.0,,0.0,NA
GCA_019802545.1,1,0,0.0,0.0,,0.0,NA
GCA_004126475.3,25,2,0.88,0.48,15.58,1300.89,59.13
GCA_002837175.5,1,0,0.0,0.0,,0.0,NA
GCA_002776525.5,22,4,0.77,0.27,19.16,595.08,35.0
GCA_903992545.1,35,3,0.94,0.69,8.99,1249.02,37.85
GCA_028551515.1,22,2,0.77,0.41,32.93,1535.71,90.34
GCA_949316205.1,4,1,0.75,0.75,2.59,7.77,2.59
GCA_016801935.1,4,1,0.75,0.75,2.6,7.81,2.6
GCA_008729295.2,4,1,0.5,0.5,1.67,3.34,1.67
GCA_026652325.1,68,13,0.76,0.13,68.96,4246.98,81.67
GCA_947347685.1,2,0,0.0,0.0,,0.0,NA
GCA_024760905.1,4,0,0.0,0.0,,0.0,NA
GCA_017639485.1,4,1,0.5,0.5,7.91,15.82,7.91
GCA_004329235.1,37,3,0.95,0.78,7.18,243.45,6.96
GCA_027172205.1,28,3,0.93,0.75,7.21,177.84,6.84
GCA_028020825.1,2,0,0.0,0.0,,0.0,NA
GCA_011421415.1,3,0,0.0,0.0,,0.0,NA
GCA_013036085.2,1,0,0.0,0.0,,0.0,NA
GCA_000633615.2,2,0,0.0,0.0,,0.0,NA
GCA_015220805.1,7,1,0.86,0.86,3.77,22.6,3.77
GCA_028583405.1,2,0,0.0,0.0,,0.0,NA
GCA_949987615.1,4,1,1.0,1.0,8.92,35.68,8.92
GCA_016801845.1,4,1,0.75,0.75,3.12,9.36,3.12
GCA_017654505.1,8,1,0.25,0.25,5.15,10.3,5.15
GCA_016835505.1,1,0,0.0,0.0,,0.0,NA
GCA_028885655.1,24,3,0.88,0.58,34.21,911.87,43.42
GCA_028885625.1,26,3,0.88,0.58,35.62,1007.34,43.8
GCA_020800305.1,2,0,0.0,0.0,,0.0,NA
GCA_028534135.1,17,3,0.88,0.41,140.33,1064.0,70.93
GCA_021018805.1,13,2,0.92,0.62,5.49,57.93,4.83
GCA_016509475.2,14,2,0.86,0.57,19.5,1185.08,98.76
GCA_022837055.1,14,2,0.86,0.57,19.39,1168.68,97.39
GCA_028646535.1,15,3,0.87,0.47,140.85,1021.35,78.57
GCA_021464625.1,1,0,0.0,0.0,,0.0,NA
GCA_028641955.1,3,0,0.0,0.0,,0.0,NA
GCA_019279795.1,18,5,0.83,0.22,105.66,1874.67,124.98
GCA_902827115.2,1,0,0.0,0.0,,0.0,NA
GCA_028646575.1,45,3,0.47,0.36,46.76,792.98,37.76
GCA_028646515.1,44,2,0.64,0.5,76.73,2117.6,75.63
GCA_028627135.1,49,2,0.61,0.53,67.82,1903.86,63.46
GCA_029220125.1,3,1,0.67,0.67,2.28,4.57,2.29
GCA_028390025.1,184,8,0.98,0.62,75.92,12811.22,71.17
GCA_024679245.1,3,0,0.0,0.0,,0.0,NA
GCA_009769525.1,1,0,0.0,0.0,,0.0,NA
GCA_028533765.1,14,2,0.71,0.36,16.73,759.13,75.91
GCA_027422405.1,4,0,0.0,0.0,,0.0,NA
GCA_949316345.1,3,1,0.67,0.67,3.76,7.52,3.76
GCA_018831695.1,3,0,0.0,0.0,,0.0,NA
GCA_028975605.1,6,1,0.67,0.67,36.72,146.89,36.72
GCA_015220715.1,14,3,0.86,0.43,12.82,315.8,26.32
GCA_004786255.1,98,6,0.99,0.42,31.75,3879.29,39.99
GCA_019425775.1,8,2,0.62,0.38,158.26,683.48,136.7
GCA_029574335.1,211,10,0.97,0.47,15.68,4682.28,22.84
GCA_029206835.1,180,10,0.99,0.37,37.18,9228.52,51.85
GCA_905171775.1,202,7,0.99,0.54,20.34,4873.23,24.37
GCA_019903745.2,20,3,0.8,0.5,13.14,594.36,37.15
GCA_015227675.2,36,3,0.89,0.67,43.83,1546.37,48.32
GCA_011064425.1,37,3,0.86,0.68,40.09,1290.74,40.34
GCA_006182925.3,2,0,0.0,0.0,,0.0,NA
GCA_028389875.1,2,0,0.0,0.0,,0.0,NA
GCA_013398505.2,12,1,0.83,0.83,6.53,65.31,6.53
GCA_901001135.2,16,3,0.88,0.44,48.49,472.63,33.76
GCA_030035675.1,11,3,0.91,0.55,29.54,217.25,21.73
GCA_028646465.1,22,3,0.86,0.55,45.49,976.25,51.38
GCA_019453435.1,1,0,0.0,0.0,,0.0,NA
GCA_004115265.3,17,2,0.82,0.47,13.45,948.47,67.75
GCA_007565055.1,24,4,0.88,0.38,23.67,883.76,42.08
GCA_027574665.1,2,0,0.0,0.0,,0.0,NA
GCA_028500815.1,3,0,0.0,0.0,,0.0,NA
GCA_023566225.1,3,0,0.0,0.0,,0.0,NA
GCA_028533395.1,13,2,0.77,0.54,81.18,635.82,63.58
GCA_021498475.1,22,3,0.82,0.45,25.78,698.51,38.81
GCA_902148845.1,2,0,0.0,0.0,,0.0,NA
GCA_905237065.2,12,3,0.67,0.25,19.53,188.22,23.53
GCA_901001165.2,14,4,0.71,0.21,11.21,817.17,81.72
GCA_029448725.1,10,3,0.6,0.2,381.25,821.01,136.84
GCA_016432855.1,12,3,0.67,0.33,25.09,807.52,100.94
GCA_008315115.2,2,0,0.0,0.0,,0.0,NA
GCA_902635505.1,19,3,0.84,0.32,17.85,599.67,37.48
GCA_024453875.1,3,0,0.0,0.0,,0.0,NA
GCA_020382885.1,3,1,0.67,0.67,1.24,2.48,1.24
GCA_016801065.1,19,4,0.84,0.37,7.64,262.2,15.42
GCA_019175285.1,23,3,0.7,0.39,20.2,279.29,16.43
GCA_027474115.1,4,0,0.0,0.0,,0.0,NA
GCA_027422435.1,4,0,0.0,0.0,,0.0,NA
GCA_027422415.1,4,0,0.0,0.0,,0.0,NA
GCA_014183145.1,4,1,0.5,0.5,2.07,4.14,2.07
GCA_902686445.2,27,3,0.89,0.59,53.83,1250.13,52.09
GCA_902686455.2,25,3,0.88,0.64,59.43,1305.8,59.35
GCA_900964775.1,15,1,0.87,0.87,6.63,86.25,6.63
GCA_027409825.1,3,0,0.0,0.0,,0.0,NA
GCA_022379125.1,2,0,0.0,0.0,,0.0,NA
GCA_023238725.1,4,1,0.75,0.75,1.62,4.85,1.62
GCA_014673565.1,3,1,0.67,0.67,1.84,3.69,1.84
GCA_015220745.1,3,1,0.67,0.67,2.56,5.12,2.56
GCA_022539315.2,7,3,1.0,0.43,7.4,32.09,4.58
GCA_021018895.1,2,0,0.0,0.0,,0.0,NA
GCA_001746935.2,1,0,0.0,0.0,,0.0,NA
GCA_014805685.1,7,1,0.57,0.57,4.67,18.7,4.67
GCA_020085105.1,1,0,0.0,0.0,,0.0,NA
GCA_011952075.1,1,0,0.0,0.0,,0.0,NA
GCA_027580175.1,1,0,0.0,0.0,,0.0,NA
GCA_020466265.1,4,1,0.75,0.75,2.3,6.91,2.3
GCA_019176455.1,1,0,0.0,0.0,,0.0,NA
GCA_027595985.1,53,3,0.96,0.74,9.47,824.42,16.17
GCA_900880675.2,3,1,0.67,0.67,2.73,5.46,2.73
GCA_027358695.2,64,5,0.98,0.33,5.05,474.58,7.53
GCA_902148855.1,5,1,0.8,0.8,3.67,14.7,3.67
GCA_022829025.1,3,0,0.0,0.0,,0.0,NA
GCA_009819605.1,3,1,0.67,0.67,2.67,5.33,2.67
GCA_011074415.1,2,0,0.0,0.0,,0.0,NA
GCA_901699155.2,1,0,0.0,0.0,,0.0,NA
GCA_004027225.2,1,0,0.0,0.0,,0.0,NA
GCA_023376015.1,6,1,0.67,0.67,6.98,27.92,6.98
GCA_024139225.1,29,3,0.9,0.52,16.6,1691.51,62.65
GCA_006229205.1,16,3,0.88,0.5,17.09,337.02,24.07
GCA_000003025.6,15,3,0.8,0.47,17.0,414.99,34.58
GCA_009819655.1,13,2,0.92,0.69,4.8,53.76,4.48
GCA_014839755.1,14,2,0.93,0.71,6.04,71.02,5.46
GCA_015711505.1,26,3,0.73,0.54,17.88,1266.15,66.64
GCA_949820135.1,31,3,0.9,0.68,15.91,694.02,24.79
GCA_028878055.1,22,3,0.86,0.45,22.26,728.13,38.32
GCA_947650265.1,4,1,0.5,0.5,1.49,2.98,1.49
GCA_029721515.1,2,0,0.0,0.0,,0.0,NA
GCA_027744825.1,8,1,0.88,0.88,2.79,19.5,2.79
GCA_019802595.1,1,0,0.0,0.0,,0.0,NA
GCA_901709675.2,1,0,0.0,0.0,,0.0,NA
GCA_024217435.4,1,0,0.0,0.0,,0.0,NA
GCA_015852505.1,3,1,0.67,0.67,2.44,4.87,2.44
GCA_022655615.1,5,1,0.4,0.4,5.81,11.62,5.81
GCA_030014155.1,7,2,0.43,0.43,4.03,13.01,3.25
GCA_029959045.1,1,0,0.0,0.0,,0.0,NA
GCA_003957565.4,7,2,1.0,0.57,3.09,23.02,3.29
GCA_004026145.2,4,1,0.75,0.75,3.81,11.42,3.81
GCA_003711565.2,6,1,0.67,0.67,3.2,12.81,3.2
GCA_901000725.3,4,1,0.5,0.5,1.1,2.19,1.09
GCA_023851605.1,6,2,0.83,0.5,109.06,432.51,86.5
GCA_025594165.1,20,3,0.9,0.55,57.88,923.48,51.3
GCA_028533255.1,18,2,0.78,0.44,8.01,384.49,27.46
GCA_009769465.1,3,0,0.0,0.0,,0.0,NA
GCA_910589615.1,3,1,0.67,0.67,1.9,3.81,1.91
GCA_020745685.1,4,1,0.5,0.5,1.58,3.17,1.58
GCA_933228915.1,3,1,0.67,0.67,2.16,4.33,2.17
GCA_902500255.1,4,1,0.75,0.75,11.88,35.66,11.89
GCA_023658055.1,4,1,0.5,0.5,1.88,3.75,1.88
GCA_009823395.1,4,1,0.5,0.5,1.28,2.56,1.28
GCA_020745775.1,2,0,0.0,0.0,,0.0,NA
GCA_003255815.1,28,4,0.86,0.32,24.61,922.78,38.45
GCA_914725855.1,2,0,0.0,0.0,,0.0,NA
GCA_910596095.1,1,0,0.0,0.0,,0.0,NA
GCA_007646695.3,14,3,0.79,0.29,34.25,649.04,59.0
GCA_023634145.1,9,2,0.44,0.22,10.87,88.11,22.03
GCA_016801885.1,4,1,0.5,0.5,1.47,2.94,1.47
GCA_017976425.1,4,1,0.5,0.5,1.54,3.08,1.54
GCA_013100865.1,9,2,0.78,0.44,151.64,661.61,94.52
GCA_028533065.1,18,2,0.5,0.28,123.08,670.58,74.51
GCA_905171665.2,2,0,0.0,0.0,,0.0,NA
GCA_028551375.1,17,2,0.88,0.47,18.35,1231.27,82.08
GCA_030014385.1,8,2,0.75,0.5,5.91,94.45,15.74
GCA_011100635.1,44,4,0.93,0.41,35.66,1261.62,30.77
GCA_029783895.1,5,2,0.8,0.4,2.03,8.48,2.12
GCA_015846415.1,5,1,0.4,0.4,2.85,5.7,2.85
GCA_024868665.1,3,1,0.67,0.67,16.61,33.23,16.61
GCA_008369825.1,7,2,0.71,0.43,6.99,27.4,5.48
GCA_020746105.1,10,1,0.8,0.8,9.75,78.0,9.75
GCA_028551405.1,36,3,0.69,0.53,53.83,1331.44,53.26
GCA_023065955.2,18,2,0.89,0.5,16.47,1355.93,84.75
GCA_028533085.1,20,2,0.6,0.35,125.47,1079.49,89.96
GCA_026259375.1,2,0,0.0,0.0,,0.0,NA
GCA_026979565.1,7,2,1.0,0.57,5.0,30.94,4.42
GCA_024509145.1,3,1,1.0,1.0,3.65,10.95,3.65
GCA_022828995.1,3,0,0.0,0.0,,0.0,NA
GCA_024294585.1,1,0,0.0,0.0,,0.0,NA
GCA_947247035.1,1,0,0.0,0.0,,0.0,NA
GCA_028626985.1,25,3,0.72,0.4,60.54,895.28,49.74
GCA_024500485.1,17,3,0.88,0.41,19.38,594.79,39.65
GCA_018345385.1,17,2,0.88,0.47,163.31,1442.43,96.16
GCA_024363595.1,50,9,0.96,0.2,12.77,984.22,20.5
GCA_017654675.1,50,8,1.0,0.22,12.28,764.39,15.29
GCA_000004195.4,50,5,0.96,0.54,5.79,475.64,9.91
GCA_028644305.1,18,2,0.83,0.5,39.73,1483.04,98.87
GCA_016859285.1,3,0,0.0,0.0,,0.0,NA
GCA_001444195.3,1,0,0.0,0.0,,0.0,NA
GCA_003331165.2,1,0,0.0,0.0,,0.0,NA
GCA_002775205.2,1,0,0.0,0.0,,0.0,NA
GCA_025860055.1,10,3,0.7,0.3,13.12,56.57,8.08
GCA_009762305.2,5,1,0.6,0.6,49.37,148.11,49.37
GCA_023566125.1,1,0,0.0,0.0,,0.0,NA
GCA_028769735.1,13,3,1.0,0.62,10.63,111.38,8.57
GCA_011800845.1,30,3,0.8,0.57,10.98,217.89,9.08
